drawNumber,drawDate,n1,n2,n3,n4,n5,n6,b1
2092,2026-04-09,8,13,27,36,37,43,3
2091,2026-04-06,6,16,21,25,28,43,9
2090,2026-04-02,2,3,6,9,24,36,5
2089,2026-03-30,09,16,18,32,37,43,13
2088,2026-03-26,08,16,18,27,37,39,29
2087,2026-03-23,7,10,15,18,26,39,13
2086,2026-03-19,4,11,19,28,39,40,6
2085,2026-03-16,6,8,13,26,35,43,14
2084,2026-03-12,8,17,18,19,30,39,9
2083,2026-03-09,8,10,13,17,26,29,43
2082,2026-03-05,5,11,14,19,25,40,17
2081,2026-03-02,14,31,32,37,41,42,22
2080,2026-02-26,6,12,30,36,37,38,8
2079,2026-02-23,5,11,15,17,24,39,31
2078,2026-02-19,1,10,20,24,30,35,41
2077,2026-02-16,17,18,23,24,26,43,10
2076,2026-02-12,1,9,20,22,28,41,30
2075,2026-02-09,7,10,14,16,35,37,11
2074,2026-02-05,5,6,16,26,27,36,11
2073,2026-02-02,2,12,14,24,26,29,8
2072,2026-01-29,8,18,24,36,40,42,43
2071,2026-01-26,15,24,29,32,33,35,14
2070,2026-01-22,6,10,25,30,34,36,12
2069,2026-01-19,6,17,23,27,33,35,4
2068,2026-01-15,2,10,13,14,29,33,32
2067,2026-01-12,3,4,12,15,32,42,31
2066,2026-01-08,8,28,30,32,37,38,5
2065,2026-01-05,6,18,21,31,37,40,3
2064,2025-12-29,2,7,24,37,39,41,3
2063,2025-12-25,4,28,29,30,38,42,15
2062,2025-12-22,1,9,18,24,35,42,8
2061,2025-12-18,5,6,13,21,33,34,40
2060,2025-12-15,8,16,22,40,41,42,10
2059,2025-12-11,2,13,26,28,38,43,3
2058,2025-12-08,9,12,14,16,19,42,18
2057,2025-12-04,5,7,21,22,38,41,24
2056,2025-12-01,3,7,15,17,19,30,38
2055,2025-11-27,11,12,14,17,21,26,2
2054,2025-11-24,1,14,27,30,33,37,23
2053,2025-11-20,20,28,31,35,37,41,13
2052,2025-11-17,1,3,18,25,30,34,10
2051,2025-11-13,3,15,27,28,31,39,20
2050,2025-11-10,6,11,15,21,25,32,5
2049,2025-11-06,10,24,25,39,40,42,19
2048,2025-11-03,8,13,18,32,37,43,27
2047,2025-10-30,10,11,16,19,37,39,27
2046,2025-10-27,2,5,10,22,25,38,14
2045,2025-10-23,1,4,7,12,16,28,19
2044,2025-10-20,1,6,11,26,33,40,14
2043,2025-10-16,11,19,22,34,40,42,31
2042,2025-10-13,9,14,29,38,41,43,12
2041,2025-10-09,4,19,22,24,32,38,11
2040,2025-10-06,7,12,14,15,24,30,32
2039,2025-10-02,2,15,25,27,38,42,22
2038,2025-09-29,5,31,37,39,41,42,33
2037,2025-09-25,7,12,20,23,27,29,10
2036,2025-09-22,7,10,17,26,35,42,33
2035,2025-09-18,5,10,12,17,21,35,9
2034,2025-09-15,2,13,22,25,35,37,17
2033,2025-09-11,5,16,21,22,33,35,26
2032,2025-09-08,8,15,27,33,37,39,31
2031,2025-09-04,2,3,16,20,23,29,27
2030,2025-09-01,3,7,28,29,32,36,13
2029,2025-08-28,7,21,31,36,40,43,41
2028,2025-08-25,6,10,12,19,21,42,16
2027,2025-08-21,5,12,18,23,34,39,13
2026,2025-08-18,2,5,8,11,20,26,28
2025,2025-08-14,12,18,26,28,41,43,35
2024,2025-08-11,10,13,16,29,34,42,21
2023,2025-08-07,1,20,28,29,31,43,5
2022,2025-08-04,2,3,18,26,31,33,30
2021,2025-07-31,2,17,22,29,30,43,31
2020,2025-07-28,5,21,23,28,38,39,32
2019,2025-07-24,7,13,14,21,39,42,9
2018,2025-07-21,1,2,14,21,22,33,37
2017,2025-07-17,2,4,11,22,24,35,8
2016,2025-07-14,10,13,27,31,40,42,1
2015,2025-07-10,6,8,13,16,20,23,26
2014,2025-07-07,7,11,21,24,29,34,40
2013,2025-07-03,7,12,30,31,39,43,42
2012,2025-06-30,1,14,20,36,38,41,30
2011,2025-06-26,12,14,18,24,30,42,4
2010,2025-06-23,9,15,24,29,31,40,13
2009,2025-06-19,8,17,20,35,36,40,12
2008,2025-06-16,5,8,9,17,22,36,30
2007,2025-06-12,6,18,23,24,30,35,38
2006,2025-06-09,4,7,19,22,26,28,33
2005,2025-06-05,3,7,18,27,33,34,6
2004,2025-06-02,16,18,25,27,31,36,7
2003,2025-05-29,1,5,10,13,35,40,39
2002,2025-05-26,1,17,19,23,36,42,15
2001,2025-05-22,13,21,24,26,34,36,20
2000,2025-05-19,1,2,16,21,25,35,22
1999,2025-05-15,17,31,34,35,36,38,2
1998,2025-05-12,1,4,6,9,20,43,21
1997,2025-05-08,5,16,17,28,36,40,14
1996,2025-05-05,6,17,26,28,33,34,20
1995,2025-05-01,2,4,8,26,27,37,19
1994,2025-04-28,10,11,13,16,24,26,12
1993,2025-04-24,7,12,13,35,37,42,31
1992,2025-04-21,9,11,18,21,27,34,13
1991,2025-04-17,1,5,12,16,17,40,4
1990,2025-04-14,6,9,15,19,24,40,30
1989,2025-04-10,15,17,23,29,35,43,8
1988,2025-04-07,6,20,23,24,33,35,27
1987,2025-04-03,8,12,25,28,32,42,27
1986,2025-03-31,14,20,29,31,41,42,24
1985,2025-03-27,1,30,36,37,41,43,33
1984,2025-03-24,4,19,28,29,34,40,3
1983,2025-03-20,3,18,31,36,37,40,23
1982,2025-03-17,20,21,23,28,32,34,6
1981,2025-03-13,5,10,15,17,29,41,30
1980,2025-03-10,1,2,13,19,35,41,3
1979,2025-03-06,15,18,19,21,37,40,17
1978,2025-03-03,23,25,26,30,34,35,12
1977,2025-02-27,4,14,20,28,29,34,30
1976,2025-02-24,4,6,22,30,33,36,2
1975,2025-02-20,11,13,15,20,35,42,19
1974,2025-02-17,2,6,13,21,24,30,43
1973,2025-02-13,7,10,14,27,28,32,4
1972,2025-02-10,3,14,27,28,32,36,12
1971,2025-02-06,2,6,9,26,32,36,23
1970,2025-02-03,11,26,27,31,36,37,42
1969,2025-01-30,3,7,12,13,35,38,24
1968,2025-01-27,6,13,15,22,35,41,37
1967,2025-01-23,3,4,22,26,29,35,37
1966,2025-01-20,4,12,25,29,34,36,32
1965,2025-01-16,17,18,20,23,33,43,19
1964,2025-01-13,2,5,28,33,35,36,34
1963,2025-01-09,3,4,20,29,35,38,6
1962,2025-01-06,4,8,19,22,32,37,26
1961,2024-12-30,11,12,27,28,38,43,10
1960,2024-12-26,10,22,27,28,31,32,8
1959,2024-12-23,19,20,36,40,41,43,22
1958,2024-12-19,1,15,16,20,21,25,19
1957,2024-12-16,3,4,5,13,34,42,18
1956,2024-12-12,2,19,21,24,35,42,17
1955,2024-12-09,11,19,26,28,29,36,1
1954,2024-12-05,2,10,15,25,35,37,22
1953,2024-12-02,19,23,29,33,36,40,27
1952,2024-11-28,24,25,31,32,34,40,12
1951,2024-11-25,1,3,6,23,28,35,14
1950,2024-11-21,9,20,26,28,30,42,6
1949,2024-11-18,12,13,17,28,37,43,27
1948,2024-11-14,18,29,30,38,39,43,40
1947,2024-11-11,10,24,30,36,37,41,5
1946,2024-11-07,8,9,11,27,36,38,18
1945,2024-11-04,1,2,4,14,27,43,41
1944,2024-10-31,6,11,21,33,39,42,18
1943,2024-10-28,10,11,17,25,34,38,9
1942,2024-10-24,1,16,18,26,27,35,29
1941,2024-10-21,2,12,13,21,23,43,39
1940,2024-10-17,2,14,15,25,26,42,9
1939,2024-10-14,10,22,26,27,29,37,41
1938,2024-10-10,5,9,14,32,39,41,24
1937,2024-10-07,1,9,26,28,31,38,8
1936,2024-10-03,1,6,19,29,33,35,26
1935,2024-09-30,3,8,12,14,17,40,2
1934,2024-09-26,6,13,16,20,27,41,30
1933,2024-09-23,3,7,9,10,12,30,16
1932,2024-09-19,1,5,16,20,24,31,29
1931,2024-09-16,9,23,27,30,33,41,4
1930,2024-09-12,5,10,19,23,29,37,11
1929,2024-09-09,7,10,12,20,40,43,4
1928,2024-09-05,2,18,20,24,26,29,22
1927,2024-09-02,2,11,18,26,32,36,10
1926,2024-08-29,10,13,18,24,34,37,1
1925,2024-08-26,5,9,11,18,34,37,22
1924,2024-08-22,7,16,18,25,26,27,17
1923,2024-08-19,6,7,18,30,34,37,3
1922,2024-08-15,3,11,22,31,33,35,13
1921,2024-08-12,1,2,13,25,33,41,31
1920,2024-08-08,6,10,22,23,31,36,37
1919,2024-08-05,5,17,19,21,38,41,6
1918,2024-08-01,3,4,5,6,18,20,11
1917,2024-07-29,3,12,14,29,30,33,21
1916,2024-07-25,5,13,18,23,30,39,33
1915,2024-07-22,4,10,14,19,24,40,15
1914,2024-07-18,4,10,22,24,36,38,8
1913,2024-07-15,2,5,22,23,29,33,17
1912,2024-07-11,1,11,24,29,33,34,4
1911,2024-07-08,4,8,9,14,16,41,15
1910,2024-07-04,2,8,24,29,30,31,6
1909,2024-07-01,3,5,7,8,22,27,28
1908,2024-06-27,3,9,21,25,42,43,36
1907,2024-06-24,10,14,21,23,24,40,28
1906,2024-06-20,1,8,21,22,30,42,24
1905,2024-06-17,4,5,17,20,29,30,40
1904,2024-06-13,14,21,23,24,28,36,7
1903,2024-06-10,18,19,23,25,27,32,20
1902,2024-06-06,4,7,15,18,35,40,12
1901,2024-06-03,14,15,26,28,33,37,4
1900,2024-05-30,3,9,29,30,39,42,23
1899,2024-05-27,2,4,9,19,33,36,3
1898,2024-05-23,5,19,23,26,31,42,32
1897,2024-05-20,7,23,27,30,34,36,28
1896,2024-05-16,5,12,15,16,28,40,1
1895,2024-05-13,6,18,29,33,35,40,1
1894,2024-05-09,19,29,36,37,41,42,35
1893,2024-05-06,25,31,33,35,37,42,16
1892,2024-05-02,7,8,9,19,22,38,24
1891,2024-04-29,2,16,23,38,40,43,33
1890,2024-04-25,17,21,29,34,41,42,2
1889,2024-04-22,7,15,21,27,28,32,24
1888,2024-04-18,4,5,6,28,29,39,7
1887,2024-04-15,5,7,15,18,36,37,20
1886,2024-04-11,1,6,19,25,33,39,15
1885,2024-04-08,2,6,7,16,17,41,32
1884,2024-04-04,20,25,29,36,38,42,19
1883,2024-04-01,3,11,24,25,28,32,5
1882,2024-03-28,3,6,11,25,36,43,10
1881,2024-03-25,2,9,22,31,33,35,30
1880,2024-03-21,9,14,21,31,33,43,30
1879,2024-03-18,1,8,14,27,29,37,6
1878,2024-03-14,6,8,12,18,32,38,39
1877,2024-03-11,1,11,13,16,21,37,6
1876,2024-03-07,4,7,17,31,38,43,30
1875,2024-03-04,11,15,16,24,38,39,29
1874,2024-02-29,13,31,33,36,41,43,29
1873,2024-02-26,6,15,26,33,39,41,42
1872,2024-02-22,3,18,20,25,34,40,31
1871,2024-02-19,7,13,22,24,38,42,14
1870,2024-02-15,5,9,13,23,25,40,27
1869,2024-02-12,7,8,16,28,36,37,29
1868,2024-02-08,3,7,22,23,24,32,2
1867,2024-02-05,1,6,17,28,40,42,4
1866,2024-02-01,8,19,21,29,38,40,12
1865,2024-01-29,3,5,18,21,26,36,34
1864,2024-01-25,14,22,28,34,41,42,11
1863,2024-01-22,15,20,24,37,38,39,27
1862,2024-01-18,25,27,33,37,38,43,16
1861,2024-01-15,2,12,13,27,39,40,30
1860,2024-01-11,8,15,20,21,31,34,28
1859,2024-01-08,1,4,11,28,37,39,15
1858,2024-01-04,12,13,17,22,35,40,5
1857,2023-12-28,11,16,20,23,38,41,33
1856,2023-12-25,4,10,19,31,34,35,43
1855,2023-12-21,21,24,26,30,31,38,3
1854,2023-12-18,7,8,12,25,30,32,40
1853,2023-12-14,11,13,24,26,28,34,17
1852,2023-12-11,15,16,24,26,35,43,38
1851,2023-12-07,8,9,10,16,17,39,4
1850,2023-12-04,1,8,23,30,36,41,39
1849,2023-11-30,11,15,17,33,36,41,6
1848,2023-11-27,3,23,26,27,31,35,10
1847,2023-11-23,18,22,25,35,36,39,43
1846,2023-11-20,6,8,15,16,33,37,34
1845,2023-11-16,10,22,25,30,31,39,28
1844,2023-11-13,12,15,28,31,34,43,9
1843,2023-11-09,4,5,10,19,26,37,3
1842,2023-11-06,4,6,9,24,26,29,35
1841,2023-11-02,8,11,15,31,33,38,30
1840,2023-10-30,4,9,15,21,26,33,13
1839,2023-10-26,2,5,26,32,34,40,21
1838,2023-10-23,3,13,23,28,30,43,5
1837,2023-10-19,16,17,27,34,38,42,20
1836,2023-10-16,13,17,18,22,23,41,26
1835,2023-10-12,11,20,23,24,31,33,1
1834,2023-10-09,14,21,30,38,40,42,20
1833,2023-10-05,7,13,34,37,42,43,38
1832,2023-10-02,2,7,20,25,35,40,6
1831,2023-09-28,1,14,17,27,32,43,42
1830,2023-09-25,4,10,23,29,31,36,6
1829,2023-09-21,12,15,16,17,28,42,32
1828,2023-09-18,1,6,9,16,18,22,8
1827,2023-09-14,1,13,18,23,38,41,36
1826,2023-09-11,7,14,18,19,22,25,38
1825,2023-09-07,1,10,13,17,20,41,4
1824,2023-09-04,6,7,13,18,25,43,33
1823,2023-08-31,4,10,18,25,34,38,40
1822,2023-08-28,5,18,21,22,26,42,8
1821,2023-08-24,9,11,12,14,27,38,34
1820,2023-08-21,5,10,30,35,36,41,23
1819,2023-08-17,5,8,18,20,24,34,29
1818,2023-08-14,2,11,23,25,34,36,1
1817,2023-08-10,6,24,30,33,37,38,7
1816,2023-08-07,2,21,25,34,35,40,6
1815,2023-08-03,3,8,10,25,26,29,32
1814,2023-07-31,1,2,13,21,23,31,5
1813,2023-07-27,5,22,26,34,39,42,12
1812,2023-07-24,10,13,18,28,36,39,7
1811,2023-07-20,2,4,6,13,20,38,33
1810,2023-07-17,4,17,26,30,31,43,25
1809,2023-07-13,2,5,10,22,24,42,7
1808,2023-07-10,2,10,27,38,40,41,11
1807,2023-07-06,1,2,8,9,10,20,25
1806,2023-07-03,11,30,35,38,40,43,12
1805,2023-06-29,4,22,27,31,32,40,35
1804,2023-06-26,12,14,18,25,36,42,26
1803,2023-06-22,9,16,18,19,39,41,3
1802,2023-06-19,1,9,34,35,39,42,33
1801,2023-06-15,18,25,26,37,39,43,21
1800,2023-06-12,6,12,13,15,17,41,27
1799,2023-06-08,11,18,34,40,41,42,14
1798,2023-06-05,4,5,19,32,34,37,41
1797,2023-06-01,15,23,26,34,41,43,32
1796,2023-05-29,2,5,15,16,23,26,32
1795,2023-05-25,26,30,31,35,41,43,5
1794,2023-05-22,24,29,32,35,36,40,39
1793,2023-05-18,1,6,14,15,23,24,42
1792,2023-05-15,1,4,16,31,32,41,30
1791,2023-05-11,8,9,18,19,30,36,17
1790,2023-05-08,6,14,18,22,29,30,36
1789,2023-05-04,6,9,16,26,29,34,36
1788,2023-05-01,3,14,16,19,26,39,9
1787,2023-04-27,2,13,17,19,41,43,1
1786,2023-04-24,2,5,6,26,33,35,13
1785,2023-04-20,4,11,24,35,37,42,7
1784,2023-04-17,3,19,30,32,36,40,42
1783,2023-04-13,5,14,19,23,30,42,35
1782,2023-04-10,7,31,32,36,39,42,34
1781,2023-04-06,10,18,32,39,41,42,12
1780,2023-04-03,1,5,19,26,35,37,32
1779,2023-03-30,11,13,20,33,35,40,34
1778,2023-03-27,9,19,24,25,26,39,34
1777,2023-03-23,5,16,19,21,30,35,11
1776,2023-03-20,5,11,18,25,33,38,32
1775,2023-03-16,4,5,9,26,27,29,43
1774,2023-03-13,17,18,26,30,36,40,3
1773,2023-03-09,12,21,22,27,31,32,20
1772,2023-03-06,5,21,22,30,32,36,16
1771,2023-03-02,3,6,12,16,31,42,40
1770,2023-02-27,1,11,18,24,37,43,28
1769,2023-02-23,4,11,15,19,28,32,34
1768,2023-02-20,6,21,30,32,39,40,34
1767,2023-02-16,7,15,17,21,32,35,43
1766,2023-02-13,16,19,25,26,35,43,38
1765,2023-02-09,1,10,15,19,20,32,6
1764,2023-02-06,16,21,26,31,39,42,41
1763,2023-02-02,2,6,20,30,31,41,11
1762,2023-01-30,1,6,7,20,37,40,10
1761,2023-01-26,5,7,13,21,23,30,42
1760,2023-01-23,8,14,18,38,39,42,30
1759,2023-01-19,1,10,25,27,28,33,15
1758,2023-01-16,7,14,28,32,42,43,17
1757,2023-01-12,6,12,15,35,36,39,42
1756,2023-01-09,19,25,29,36,37,41,2
1755,2023-01-05,4,11,13,26,27,36,15
1754,2022-12-29,3,6,7,19,35,39,21
1753,2022-12-26,1,2,4,9,22,25,38
1752,2022-12-22,2,5,15,20,22,36,8
1751,2022-12-19,1,12,21,24,29,42,32
1750,2022-12-15,3,15,18,21,34,40,1
1749,2022-12-12,1,4,13,17,31,34,18
1748,2022-12-08,8,11,23,28,36,39,6
1747,2022-12-05,1,9,11,14,15,40,32
1746,2022-12-01,3,11,14,22,27,32,31
1745,2022-11-28,7,9,10,21,39,40,32
1744,2022-11-24,1,8,21,25,26,35,20
1743,2022-11-21,3,17,18,19,20,42,9
1742,2022-11-17,16,20,22,29,33,40,25
1741,2022-11-14,4,14,17,19,22,42,6
1740,2022-11-10,14,21,24,27,31,38,5
1739,2022-11-07,1,7,12,36,37,39,41
1738,2022-11-03,7,12,20,31,33,43,14
1737,2022-10-31,12,14,22,24,29,33,3
1736,2022-10-27,6,9,25,26,27,32,11
1735,2022-10-24,1,21,24,33,40,41,12
1734,2022-10-20,5,6,11,19,28,35,42
1733,2022-10-17,22,24,25,27,29,39,7
1732,2022-10-13,3,18,19,34,38,42,14
1731,2022-10-10,3,7,19,21,32,35,6
1730,2022-10-06,4,8,16,21,22,26,23
1729,2022-10-03,11,15,24,25,28,31,9
1728,2022-09-29,4,8,14,18,26,38,3
1727,2022-09-26,3,13,16,22,33,42,15
1726,2022-09-22,9,14,16,21,27,43,26
1725,2022-09-19,2,10,16,17,20,28,1
1724,2022-09-15,6,9,24,26,33,37,16
1723,2022-09-12,6,10,15,16,30,38,26
1722,2022-09-08,2,5,30,33,36,42,28
1721,2022-09-05,7,8,14,17,22,39,30
1720,2022-09-01,1,5,18,25,32,38,20
1719,2022-08-29,4,11,15,16,35,39,36
1718,2022-08-25,1,6,9,15,18,38,10
1717,2022-08-22,15,21,23,24,33,36,40
1716,2022-08-18,2,26,27,32,38,42,9
1715,2022-08-15,2,6,15,16,32,37,25
1714,2022-08-11,11,15,20,26,33,42,16
1713,2022-08-08,6,32,38,39,40,42,37
1712,2022-08-04,1,5,15,24,25,28,14
1711,2022-08-01,3,32,33,34,35,40,5
1710,2022-07-28,1,2,21,27,32,37,14
1709,2022-07-25,3,4,7,20,22,41,5
1708,2022-07-21,1,20,29,35,40,41,16
1707,2022-07-18,14,16,28,34,35,36,26
1706,2022-07-14,13,15,32,35,37,38,25
1705,2022-07-11,3,6,9,28,37,41,5
1704,2022-07-07,1,5,18,26,39,40,31
1703,2022-07-04,14,22,23,30,33,38,18
1702,2022-06-30,2,6,7,18,27,38,14
1701,2022-06-27,5,8,27,30,33,39,10
1700,2022-06-23,11,19,20,27,31,35,6
1699,2022-06-20,4,6,16,27,39,42,1
1698,2022-06-16,6,16,18,33,42,43,11
1697,2022-06-13,2,3,11,12,22,35,26
1696,2022-06-09,2,4,13,18,32,35,12
1695,2022-06-06,3,8,14,18,28,37,39
1694,2022-06-02,2,12,14,26,32,37,29
1693,2022-05-30,7,8,21,23,34,36,11
1692,2022-05-26,4,8,17,31,37,42,14
1691,2022-05-23,13,16,18,29,33,41,26
1690,2022-05-19,8,16,21,23,29,37,38
1689,2022-05-16,4,7,21,22,34,42,31
1688,2022-05-12,2,4,10,24,34,42,8
1687,2022-05-09,20,21,23,26,29,35,22
1686,2022-05-05,7,8,9,23,25,41,11
1685,2022-05-02,1,26,27,28,33,37,8
1684,2022-04-28,5,10,26,30,34,40,31
1683,2022-04-25,6,15,28,30,32,43,21
1682,2022-04-21,6,9,10,21,33,41,14
1681,2022-04-18,1,7,11,13,15,42,33
1680,2022-04-14,4,19,29,32,35,42,25
1679,2022-04-11,10,12,13,21,31,41,27
1678,2022-04-07,3,15,17,21,22,23,13
1677,2022-04-04,11,20,26,31,34,38,32
1676,2022-03-31,5,13,21,27,31,36,11
1675,2022-03-28,2,3,17,27,28,34,6
1674,2022-03-24,14,19,25,29,33,43,31
1673,2022-03-21,24,33,35,36,41,43,21
1672,2022-03-17,6,17,22,27,37,42,34
1671,2022-03-14,16,27,37,38,39,43,10
1670,2022-03-10,1,16,20,23,32,37,18
1669,2022-03-07,2,4,13,14,22,29,26
1668,2022-03-03,5,16,21,24,31,34,29
1667,2022-02-28,5,8,18,25,40,43,17
1666,2022-02-24,14,16,26,37,41,43,31
1665,2022-02-21,19,22,24,29,34,41,9
1664,2022-02-17,7,10,17,20,21,27,15
1663,2022-02-14,1,6,19,21,27,39,3
1662,2022-02-10,4,17,18,25,26,27,32
1661,2022-02-07,6,14,31,35,38,43,12
1660,2022-02-03,3,13,29,35,42,43,15
1659,2022-01-31,4,10,23,25,37,42,6
1658,2022-01-27,10,11,19,29,30,36,37
1657,2022-01-24,11,13,16,19,20,38,25
1656,2022-01-20,11,12,14,28,36,38,37
1655,2022-01-17,21,23,31,38,42,43,40
1654,2022-01-13,9,10,14,21,22,33,26
1653,2022-01-10,2,7,10,12,29,36,6
1652,2022-01-06,8,15,16,23,38,43,2
1651,2021-12-30,7,12,15,21,27,32,28
1650,2021-12-27,1,3,15,33,39,43,30
1649,2021-12-23,8,16,19,23,29,41,1
1648,2021-12-20,2,3,22,26,35,42,38
1647,2021-12-16,3,8,14,15,19,35,12
1646,2021-12-13,3,19,21,29,39,43,25
1645,2021-12-09,2,8,13,14,33,40,6
1644,2021-12-06,1,9,14,28,32,40,15
1643,2021-12-02,10,11,12,15,16,40,33
1642,2021-11-29,5,15,16,24,34,39,13
1641,2021-11-25,2,5,7,12,16,20,33
1640,2021-11-22,8,9,19,21,27,30,17
1639,2021-11-18,5,9,13,20,26,32,28
1638,2021-11-15,21,25,26,35,39,40,18
1637,2021-11-11,2,3,11,16,27,36,29
1636,2021-11-08,1,12,24,26,30,36,29
1635,2021-11-04,4,8,19,32,36,43,30
1634,2021-11-01,18,19,20,23,29,35,17
1633,2021-10-28,3,7,9,26,35,36,28
1632,2021-10-25,1,9,24,28,31,41,2
1631,2021-10-21,7,15,23,26,30,35,36
1630,2021-10-18,10,11,24,33,34,36,42
1629,2021-10-14,19,23,30,31,32,40,13
1628,2021-10-11,1,3,10,12,26,42,13
1627,2021-10-07,21,22,23,26,36,38,13
1626,2021-10-04,9,11,19,23,30,43,27
1625,2021-09-30,1,4,8,11,30,42,9
1624,2021-09-27,3,5,17,25,33,39,19
1623,2021-09-23,7,12,15,17,19,29,22
1622,2021-09-20,16,29,34,35,40,41,26
1621,2021-09-16,3,10,22,23,26,39,1
1620,2021-09-13,7,15,19,24,25,28,11
1619,2021-09-09,3,5,17,20,24,38,13
1618,2021-09-06,2,10,14,17,37,43,38
1617,2021-09-02,2,19,21,24,26,41,23
1616,2021-08-30,1,4,6,21,34,41,12
1615,2021-08-26,2,5,6,13,19,29,25
1614,2021-08-23,4,5,20,29,40,43,24
1613,2021-08-19,9,17,22,25,30,41,15
1612,2021-08-16,5,8,12,16,27,38,42
1611,2021-08-12,3,14,16,24,32,36,34
1610,2021-08-09,1,8,13,22,41,42,40
1609,2021-08-05,4,12,16,34,35,41,5
1608,2021-08-02,10,18,22,23,25,35,19
1607,2021-07-29,10,13,14,15,17,22,40
1606,2021-07-26,18,23,25,26,32,34,43
1605,2021-07-22,2,5,8,20,29,40,6
1604,2021-07-19,12,21,23,36,37,38,6
1603,2021-07-15,4,6,32,35,40,42,26
1602,2021-07-12,1,2,7,14,32,42,33
1601,2021-07-08,6,13,17,18,21,41,37
1600,2021-07-05,7,14,22,35,37,39,24
1599,2021-07-01,1,2,20,22,35,38,4
1598,2021-06-28,9,11,26,28,39,43,1
1597,2021-06-24,2,3,8,17,23,32,12
1596,2021-06-21,10,15,30,35,42,43,26
1595,2021-06-17,16,21,30,32,40,43,15
1594,2021-06-14,1,5,6,13,34,36,18
1593,2021-06-10,6,17,18,35,37,38,16
1592,2021-06-07,4,16,25,30,36,43,19
1591,2021-06-03,7,9,18,21,26,43,14
1590,2021-05-31,10,12,15,29,33,42,17
1589,2021-05-27,11,21,25,31,36,39,32
1588,2021-05-24,6,16,27,31,32,34,11
1587,2021-05-20,16,21,22,27,36,43,37
1586,2021-05-17,2,13,19,27,40,42,14
1585,2021-05-13,2,6,10,13,16,32,9
1584,2021-05-10,13,15,18,30,37,43,9
1583,2021-05-06,5,7,16,34,39,41,29
1582,2021-05-03,18,32,35,36,39,41,28
1581,2021-04-29,6,12,30,31,41,43,1
1580,2021-04-26,5,7,11,12,24,31,3
1579,2021-04-22,23,29,32,33,37,42,1
1578,2021-04-19,3,15,17,19,21,34,4
1577,2021-04-15,13,14,15,28,37,39,4
1576,2021-04-12,5,7,10,17,29,32,37
1575,2021-04-08,2,8,15,24,32,39,9
1574,2021-04-05,1,2,3,20,31,32,13
1573,2021-04-01,2,10,16,38,39,43,11
1572,2021-03-29,4,6,10,19,28,38,40
1571,2021-03-25,1,2,5,25,40,41,26
1570,2021-03-22,1,19,22,23,31,36,24
1569,2021-03-18,2,8,29,31,32,33,16
1568,2021-03-15,2,5,7,10,16,34,14
1567,2021-03-11,5,7,19,26,37,40,34
1566,2021-03-08,12,13,20,24,30,35,34
1565,2021-03-04,5,9,17,28,30,37,27
1564,2021-03-01,5,6,18,20,27,37,7
1563,2021-02-25,1,12,20,26,35,37,2
1562,2021-02-22,2,4,15,16,26,33,25
1561,2021-02-18,12,15,26,34,35,38,7
1560,2021-02-15,7,19,24,32,40,42,22
1559,2021-02-11,4,15,17,20,26,31,43
1558,2021-02-08,1,12,25,27,39,42,16
1557,2021-02-04,5,21,22,23,26,39,31
1556,2021-02-01,10,19,28,30,38,42,18
1555,2021-01-28,2,8,17,23,24,27,5
1554,2021-01-25,6,14,16,27,40,42,26
1553,2021-01-21,7,8,16,32,41,42,31
1552,2021-01-18,5,9,15,30,32,39,11
1551,2021-01-14,3,14,18,24,38,43,23
1550,2021-01-11,8,11,22,32,37,42,41
1549,2021-01-07,4,5,27,28,35,41,33
1548,2021-01-04,18,24,26,35,39,42,32
1547,2020-12-28,4,11,14,17,22,39,21
1546,2020-12-24,1,18,19,24,31,40,16
1545,2020-12-21,8,14,15,26,37,43,12
1544,2020-12-17,3,11,25,26,39,42,34
1543,2020-12-14,17,21,26,33,36,38,34
1542,2020-12-10,11,12,16,17,20,36,18
1541,2020-12-07,12,26,28,32,33,35,41
1540,2020-12-03,1,20,25,28,33,37,31
1539,2020-11-30,13,29,33,37,41,42,43
1538,2020-11-26,8,14,19,33,35,40,38
1537,2020-11-23,6,13,14,32,33,37,20
1536,2020-11-19,2,5,9,30,37,40,28
1535,2020-11-16,1,9,14,30,35,38,32
1534,2020-11-12,1,9,18,22,24,43,39
1533,2020-11-09,15,22,27,37,38,41,5
1532,2020-11-05,2,9,14,16,17,21,34
1531,2020-11-02,2,6,7,10,30,33,14
1530,2020-10-29,2,5,10,34,37,40,7
1529,2020-10-26,3,19,26,28,33,40,1
1528,2020-10-22,1,14,17,34,35,37,16
1527,2020-10-19,2,5,9,11,27,32,33
1526,2020-10-15,4,17,19,21,39,41,36
1525,2020-10-12,3,7,20,21,28,32,24
1524,2020-10-08,2,3,15,24,30,43,39
1523,2020-10-05,2,15,17,25,34,38,27
1522,2020-10-01,5,17,21,22,32,35,41
1521,2020-09-28,17,21,22,40,41,42,13
1520,2020-09-24,1,6,11,13,30,33,4
1519,2020-09-21,5,8,20,21,27,43,9
1518,2020-09-17,6,15,16,22,36,41,20
1517,2020-09-14,14,25,27,30,39,41,8
1516,2020-09-10,25,32,34,37,41,42,28
1515,2020-09-07,5,9,17,21,27,29,30
1514,2020-09-03,11,16,22,29,37,43,14
1513,2020-08-31,13,14,18,19,25,42,5
1512,2020-08-27,1,11,12,24,32,38,39
1511,2020-08-24,11,16,22,24,38,40,6
1510,2020-08-20,8,13,17,18,21,38,23
1509,2020-08-17,6,11,12,34,36,41,43
1508,2020-08-13,9,13,28,29,32,40,41
1507,2020-08-10,19,20,22,30,35,43,29
1506,2020-08-06,10,12,19,28,35,41,39
1505,2020-08-03,1,2,14,15,21,34,19
1504,2020-07-30,5,7,9,21,42,43,35
1503,2020-07-27,1,8,16,35,40,42,20
1502,2020-07-23,1,17,25,28,32,42,26
1501,2020-07-20,6,10,13,25,31,38,15
1500,2020-07-16,19,21,22,28,29,30,4
1499,2020-07-13,10,11,27,28,29,37,13
1498,2020-07-09,1,6,7,9,31,37,43
1497,2020-07-06,6,22,28,30,35,37,8
1496,2020-07-02,5,9,13,16,17,34,37
1495,2020-06-29,18,24,32,34,37,41,22
1494,2020-06-25,8,15,17,24,26,38,27
1493,2020-06-22,11,18,24,27,37,38,15
1492,2020-06-18,4,16,18,32,38,42,36
1491,2020-06-15,8,11,23,31,34,37,1
1490,2020-06-11,7,19,24,29,39,43,11
1489,2020-06-08,4,6,11,13,23,32,1
1488,2020-06-04,4,10,11,17,34,37,38
1487,2020-06-01,5,7,9,17,24,35,36
1486,2020-05-28,18,24,29,33,39,42,34
1485,2020-05-25,9,10,18,27,28,35,37
1484,2020-05-21,4,12,17,18,23,41,28
1483,2020-05-18,3,10,20,23,29,43,22
1482,2020-05-14,8,26,28,32,41,43,14
1481,2020-05-11,3,9,21,31,41,42,18
1480,2020-05-07,2,4,5,6,24,34,39
1479,2020-05-04,1,20,30,32,35,37,33
1478,2020-04-30,7,12,15,21,40,42,32
1477,2020-04-27,4,13,14,25,27,32,1
1476,2020-04-23,6,22,38,40,41,42,35
1475,2020-04-20,6,7,9,20,21,27,2
1474,2020-04-16,4,6,8,22,27,32,26
1473,2020-04-13,1,5,6,27,33,38,11
1472,2020-04-09,1,6,7,9,23,40,43
1471,2020-04-06,1,3,8,32,37,43,24
1470,2020-04-02,4,8,14,16,39,40,23
1469,2020-03-30,4,9,10,13,24,27,22
1468,2020-03-26,4,8,15,24,25,31,26
1467,2020-03-23,3,14,16,25,26,38,7
1466,2020-03-19,6,10,15,18,32,40,35
1465,2020-03-16,11,15,16,24,28,38,3
1464,2020-03-12,8,13,14,18,29,31,23
1463,2020-03-09,18,29,32,34,35,39,36
1462,2020-03-05,4,18,19,28,33,36,9
1461,2020-03-02,5,7,8,18,22,26,24
1460,2020-02-27,3,6,10,15,29,30,4
1459,2020-02-24,2,17,19,24,28,29,7
1458,2020-02-20,4,16,19,22,26,29,6
1457,2020-02-17,1,3,11,17,20,37,29
1456,2020-02-13,2,18,19,24,29,31,33
1455,2020-02-10,1,10,12,22,34,43,23
1454,2020-02-06,3,15,19,34,37,40,41
1453,2020-02-03,10,22,26,27,28,41,39
1452,2020-01-30,17,19,29,31,37,39,35
1451,2020-01-27,2,6,10,20,24,43,34
1450,2020-01-23,24,25,26,27,34,36,3
1449,2020-01-20,6,19,20,26,34,38,4
1448,2020-01-16,10,12,25,29,32,41,40
1447,2020-01-13,2,9,12,13,14,22,10
1446,2020-01-09,2,5,11,20,21,32,13
1445,2019-12-30,3,14,24,29,30,42,21
1444,2019-12-26,11,20,24,25,30,37,14
1443,2019-12-23,2,4,8,10,22,33,28
1442,2019-12-19,12,21,35,36,40,43,39
1441,2019-12-16,12,22,24,33,35,42,36
1440,2019-12-12,1,7,20,31,41,42,28
1439,2019-12-09,11,17,23,28,34,41,4
1438,2019-12-05,2,5,6,20,33,38,22
1437,2019-12-02,3,11,24,25,37,40,14
1436,2019-11-28,3,7,17,18,30,36,33
1435,2019-11-25,2,4,16,21,22,40,9
1434,2019-11-21,2,20,30,38,39,40,4
1433,2019-11-18,3,5,12,16,38,42,6
1432,2019-11-14,4,5,15,32,33,43,13
1431,2019-11-11,2,27,28,33,38,40,30
1430,2019-11-07,4,7,9,12,20,28,3
1429,2019-11-04,4,8,13,18,21,23,22
1428,2019-10-31,16,18,19,34,35,36,6
1427,2019-10-28,1,7,25,26,38,41,31
1426,2019-10-24,4,13,17,19,30,43,24
1425,2019-10-21,1,24,28,33,35,42,27
1424,2019-10-17,6,7,25,26,33,36,19
1423,2019-10-14,11,24,29,36,37,42,13
1422,2019-10-10,12,14,17,20,24,30,39
1421,2019-10-07,2,14,20,23,37,43,30
1420,2019-10-03,1,2,14,16,22,28,4
1419,2019-09-30,5,10,11,12,21,37,41
1418,2019-09-26,4,21,32,35,42,43,15
1417,2019-09-23,3,10,25,26,27,31,5
1416,2019-09-19,2,9,10,15,24,36,13
1415,2019-09-16,1,3,7,34,39,40,33
1414,2019-09-12,12,19,21,26,40,41,20
1413,2019-09-09,7,13,17,21,24,26,12
1412,2019-09-05,2,19,24,25,32,42,8
1411,2019-09-02,2,5,7,20,25,28,3
1410,2019-08-29,8,14,17,25,36,41,23
1409,2019-08-26,5,6,8,20,22,25,13
1408,2019-08-22,2,17,24,26,34,43,32
1407,2019-08-19,10,13,19,28,33,39,15
1406,2019-08-15,20,24,27,29,34,35,43
1405,2019-08-12,3,4,6,19,23,24,42
1404,2019-08-08,2,17,29,37,38,39,5
1403,2019-08-05,1,3,10,27,34,41,22
1402,2019-08-01,10,24,26,33,36,42,28
1401,2019-07-29,2,13,23,24,25,33,36
1400,2019-07-25,8,10,26,31,34,39,36
1399,2019-07-22,7,20,21,33,41,43,8
1398,2019-07-18,23,29,34,35,40,43,42
1397,2019-07-15,9,18,19,21,25,26,7
1396,2019-07-11,3,7,11,15,23,41,21
1395,2019-07-08,5,16,18,27,30,43,25
1394,2019-07-04,8,9,35,36,42,43,22
1393,2019-07-01,7,11,26,32,42,43,24
1392,2019-06-27,6,9,12,19,40,42,7
1391,2019-06-24,3,12,23,31,36,42,43
1390,2019-06-20,10,11,13,28,34,39,35
1389,2019-06-17,6,16,21,23,26,42,43
1388,2019-06-13,9,10,12,15,29,37,11
1387,2019-06-10,11,27,29,30,37,38,33
1386,2019-06-06,4,11,14,15,20,38,35
1385,2019-06-03,9,20,28,35,41,43,23
1384,2019-05-30,3,6,13,32,38,43,40
1383,2019-05-27,2,4,9,15,18,39,24
1382,2019-05-23,8,9,12,25,26,28,32
1381,2019-05-20,2,4,5,16,19,38,25
1380,2019-05-16,1,3,24,26,29,33,42
1379,2019-05-13,1,2,19,21,24,37,32
1378,2019-05-09,1,10,15,24,35,43,9
1377,2019-05-06,1,7,13,24,40,43,20
1376,2019-05-02,2,5,22,31,32,43,27
1375,2019-04-29,2,5,21,22,31,38,28
1374,2019-04-25,1,4,5,19,23,35,36
1373,2019-04-22,1,10,13,18,20,41,11
1372,2019-04-18,3,5,10,21,33,39,8
1371,2019-04-15,4,5,6,7,24,28,30
1370,2019-04-11,8,22,24,30,40,41,2
1369,2019-04-08,12,15,25,32,41,43,7
1368,2019-04-04,6,11,17,20,34,35,10
1367,2019-04-01,3,8,11,14,22,41,34
1366,2019-03-28,14,15,17,29,31,39,10
1365,2019-03-25,4,7,14,20,31,41,32
1364,2019-03-21,5,13,14,16,25,27,3
1363,2019-03-18,2,5,23,36,37,41,43
1362,2019-03-14,8,16,19,28,36,39,1
1361,2019-03-11,3,4,12,18,28,38,32
1360,2019-03-07,4,9,10,16,17,42,23
1359,2019-03-04,6,8,14,18,25,41,9
1358,2019-02-28,9,15,23,27,29,40,28
1357,2019-02-25,2,3,8,15,19,28,21
1356,2019-02-21,4,6,10,16,24,43,12
1355,2019-02-18,5,15,27,29,34,37,12
1354,2019-02-14,4,25,27,28,32,41,26
1353,2019-02-11,2,11,12,19,21,24,36
1352,2019-02-07,5,6,9,15,19,36,22
1351,2019-02-04,8,14,18,22,28,29,5
1350,2019-01-31,7,8,9,10,20,38,16
1349,2019-01-28,2,16,19,32,34,42,33
1348,2019-01-24,1,2,14,19,21,33,43
1347,2019-01-21,8,10,11,18,36,43,7
1346,2019-01-17,5,10,22,27,38,42,36
1345,2019-01-14,1,15,26,27,29,33,18
1344,2019-01-10,8,16,20,28,37,43,29
1343,2019-01-07,2,8,10,12,19,23,16
1342,2018-12-27,1,4,9,16,23,31,42
1341,2018-12-24,9,12,15,16,26,39,34
1340,2018-12-20,6,15,18,20,26,29,9
1339,2018-12-17,1,10,15,33,34,42,39
1338,2018-12-13,2,6,23,25,30,31,35
1337,2018-12-10,3,6,21,28,29,34,15
1336,2018-12-06,4,5,11,19,31,34,43
1335,2018-12-03,10,16,19,34,35,39,4
1334,2018-11-29,1,2,7,14,29,43,40
1333,2018-11-26,2,9,15,22,26,35,5
1332,2018-11-22,5,15,18,22,33,40,6
1331,2018-11-19,2,14,30,31,38,39,26
1330,2018-11-15,2,19,24,32,36,43,30
1329,2018-11-12,11,15,18,22,37,42,31
1328,2018-11-08,7,9,23,32,37,40,41
1327,2018-11-05,2,3,13,22,23,30,27
1326,2018-11-01,2,3,9,12,30,41,21
1325,2018-10-29,8,18,23,26,33,38,34
1324,2018-10-25,1,7,8,17,25,42,11
1323,2018-10-22,5,6,10,24,29,40,26
1322,2018-10-18,2,3,13,28,32,37,7
1321,2018-10-15,10,24,31,40,41,43,33
1320,2018-10-11,4,6,12,16,17,34,28
1319,2018-10-08,9,10,19,21,28,30,43
1318,2018-10-04,2,3,7,14,19,41,34
1317,2018-10-01,6,10,13,19,32,43,22
1316,2018-09-27,6,16,26,35,36,39,14
1315,2018-09-24,3,8,23,30,32,40,31
1314,2018-09-20,3,10,20,21,27,33,39
1313,2018-09-17,5,12,21,31,36,43,27
1312,2018-09-13,13,24,25,26,32,39,6
1311,2018-09-10,12,23,26,29,36,37,15
1310,2018-09-06,9,24,25,27,34,36,14
1309,2018-09-03,24,32,34,36,41,43,23
1308,2018-08-30,6,9,10,15,34,39,3
1307,2018-08-27,6,25,27,28,30,43,14
1306,2018-08-23,7,11,23,36,38,41,37
1305,2018-08-20,4,6,19,36,38,40,28
1304,2018-08-16,6,25,30,38,40,42,17
1303,2018-08-13,7,10,24,33,35,42,43
1302,2018-08-09,4,7,25,30,34,43,38
1301,2018-08-06,6,7,9,16,30,41,22
1300,2018-08-02,3,18,25,26,32,33,27
1299,2018-07-30,3,12,24,28,38,39,10
1298,2018-07-26,4,6,15,22,30,42,7
1297,2018-07-23,1,2,7,29,34,42,41
1296,2018-07-19,5,11,15,16,23,32,4
1295,2018-07-16,14,23,31,37,39,43,32
1294,2018-07-12,7,14,18,26,28,39,2
1293,2018-07-09,2,5,15,27,30,35,11
1292,2018-07-05,1,18,29,30,31,37,35
1291,2018-07-02,2,6,8,12,13,17,1
1290,2018-06-28,18,24,27,32,35,41,10
1289,2018-06-25,6,9,16,24,29,37,3
1288,2018-06-21,8,9,19,24,35,43,11
1287,2018-06-18,9,21,23,34,37,38,40
1286,2018-06-14,11,32,37,39,41,42,43
1285,2018-06-11,7,8,13,36,38,42,6
1284,2018-06-07,4,14,17,21,24,39,7
1283,2018-06-04,1,26,27,30,37,38,4
1282,2018-05-31,1,4,10,11,24,28,29
1281,2018-05-28,3,7,9,15,29,40,17
1280,2018-05-24,1,9,11,21,29,36,7
1279,2018-05-21,4,10,16,17,20,24,31
1278,2018-05-17,3,4,18,28,34,36,6
1277,2018-05-14,12,16,20,22,31,43,33
1276,2018-05-10,5,6,9,11,16,35,22
1275,2018-05-07,7,19,21,28,40,41,3
1274,2018-05-03,3,15,18,23,31,37,34
1273,2018-04-30,18,20,22,26,34,37,4
1272,2018-04-26,4,9,13,32,37,38,42
1271,2018-04-23,1,11,14,27,39,42,32
1270,2018-04-20,9,10,24,30,35,40,38
1269,2018-04-16,9,10,11,33,39,42,25
1268,2018-04-12,8,11,15,22,35,36,30
1267,2018-04-09,4,18,31,33,34,41,9
1266,2018-04-05,3,12,16,23,25,28,17
1265,2018-04-02,5,20,26,27,28,33,12
1264,2018-03-29,1,6,27,33,35,43,15
1263,2018-03-26,3,8,13,14,31,37,6
1262,2018-03-22,4,11,15,20,24,43,10
1261,2018-03-19,9,20,26,29,30,34,42
1260,2018-03-15,3,8,16,19,25,26,32
1259,2018-03-12,10,16,20,26,33,36,41
1258,2018-03-08,8,14,20,25,31,41,35
1257,2018-03-05,1,11,19,23,32,37,14
1256,2018-03-01,2,5,16,32,35,41,25
1255,2018-02-26,2,14,15,27,40,43,41
1254,2018-02-22,7,8,11,15,36,39,37
1253,2018-02-19,1,12,14,24,33,37,15
1252,2018-02-15,4,15,18,19,22,29,37
1251,2018-02-12,21,28,31,33,34,40,23
1250,2018-02-08,3,10,18,22,23,40,27
1249,2018-02-05,5,8,15,20,25,27,6
1248,2018-02-01,2,6,14,28,34,37,3
1247,2018-01-29,4,7,17,18,26,36,35
1246,2018-01-25,4,10,11,23,36,37,34
1245,2018-01-22,13,15,27,30,31,39,8
1244,2018-01-18,10,15,17,18,20,41,35
1243,2018-01-15,23,24,32,37,41,42,29
1242,2018-01-11,12,22,28,34,37,42,33
1241,2018-01-08,4,7,15,17,23,25,8
1240,2018-01-04,15,18,22,36,37,39,26
1239,2017-12-28,2,19,27,28,30,38,22
1238,2017-12-25,8,14,28,29,33,40,32
1237,2017-12-21,1,4,6,35,38,40,27
1236,2017-12-18,1,3,11,26,38,39,34
1235,2017-12-14,8,17,24,34,36,42,33
1234,2017-12-11,7,11,16,20,30,40,28
1233,2017-12-07,2,7,12,21,29,33,16
1232,2017-12-04,5,10,14,31,35,38,16
1231,2017-11-30,1,14,16,24,32,36,2
1230,2017-11-27,1,2,6,9,17,38,34
1229,2017-11-23,10,28,35,37,39,43,16
1228,2017-11-20,6,18,19,25,28,40,3
1227,2017-11-16,1,8,14,28,40,43,6
1226,2017-11-13,7,8,28,34,37,41,13
1225,2017-11-09,19,22,25,30,33,34,36
1224,2017-11-06,5,18,33,38,41,43,6
1223,2017-11-02,12,22,28,30,36,43,34
1222,2017-10-30,1,5,7,11,29,39,40
1221,2017-10-26,3,10,11,31,33,36,21
1220,2017-10-23,9,15,21,23,32,42,14
1219,2017-10-19,14,22,24,36,39,42,32
1218,2017-10-16,5,8,13,20,28,42,35
1217,2017-10-12,14,16,17,34,36,41,25
1216,2017-10-09,8,14,25,39,42,43,37
1215,2017-10-05,3,6,9,15,21,42,7
1214,2017-10-02,2,19,23,30,33,36,40
1213,2017-09-28,3,13,22,26,30,39,1
1212,2017-09-25,2,16,27,35,40,42,25
1211,2017-09-21,3,8,24,25,26,28,43
1210,2017-09-18,5,6,12,16,23,36,9
1209,2017-09-14,11,12,24,32,38,40,7
1208,2017-09-11,5,14,20,30,38,41,8
1207,2017-09-07,6,16,17,20,22,43,34
1206,2017-09-04,11,19,20,26,32,33,22
1205,2017-08-31,12,25,26,32,35,42,2
1204,2017-08-28,10,20,21,24,39,43,17
1203,2017-08-24,2,4,6,37,39,42,41
1202,2017-08-21,9,12,15,19,26,39,28
1201,2017-08-17,1,15,19,22,26,28,33
1200,2017-08-14,2,8,10,12,31,42,21
1199,2017-08-10,9,10,11,20,28,40,17
1198,2017-08-07,1,14,20,26,27,34,33
1197,2017-08-03,3,24,28,36,37,39,27
1196,2017-07-31,6,7,19,31,39,41,14
1195,2017-07-27,1,4,17,22,35,42,7
1194,2017-07-24,12,18,20,23,33,40,1
1193,2017-07-20,1,2,7,8,10,42,28
1192,2017-07-17,15,17,18,22,30,39,28
1191,2017-07-13,3,5,11,20,25,32,30
1190,2017-07-10,1,3,13,29,38,39,8
1189,2017-07-06,8,24,28,30,38,41,32
1188,2017-07-03,3,9,19,20,23,30,14
1187,2017-06-29,3,13,18,20,24,31,37
1186,2017-06-26,8,10,20,25,38,43,39
1185,2017-06-22,6,15,18,26,27,31,38
1184,2017-06-19,2,6,21,30,31,36,41
1183,2017-06-15,2,19,22,25,32,36,39
1182,2017-06-12,5,6,10,13,24,33,40
1181,2017-06-08,15,16,17,29,31,32,12
1180,2017-06-05,2,4,5,13,18,21,40
1179,2017-06-01,5,12,27,36,39,40,37
1178,2017-05-29,16,17,20,22,29,40,31
1177,2017-05-25,2,5,21,22,23,38,36
1176,2017-05-22,2,9,18,23,29,32,34
1175,2017-05-18,2,4,6,21,27,37,10
1174,2017-05-15,7,8,9,25,29,31,28
1173,2017-05-11,5,7,11,16,33,38,25
1172,2017-05-08,3,10,31,32,38,39,15
1171,2017-05-04,9,10,13,21,34,36,40
1170,2017-05-01,1,8,13,19,23,28,39
1169,2017-04-27,19,24,25,36,37,43,10
1168,2017-04-24,1,3,8,14,35,39,18
1167,2017-04-20,6,13,20,25,36,42,28
1166,2017-04-17,4,8,17,20,29,41,3
1165,2017-04-13,18,20,21,24,40,42,25
1164,2017-04-10,4,7,11,33,34,37,24
1163,2017-04-06,11,17,19,24,33,41,9
1162,2017-04-03,3,4,8,12,24,37,10
1161,2017-03-30,1,2,12,16,19,40,18
1160,2017-03-27,9,22,31,32,34,43,24
1159,2017-03-23,1,4,15,16,23,30,17
1158,2017-03-20,22,24,27,30,32,40,23
1157,2017-03-16,5,17,20,28,39,42,1
1156,2017-03-13,3,6,19,31,35,40,12
1155,2017-03-09,14,19,22,23,28,43,25
1154,2017-03-06,8,12,30,36,41,42,4
1153,2017-03-02,4,15,20,24,26,30,29
1152,2017-02-27,6,8,10,33,35,43,22
1151,2017-02-23,5,23,25,26,29,31,19
1150,2017-02-20,7,11,17,27,32,40,18
1149,2017-02-16,2,14,22,23,35,43,31
1148,2017-02-13,3,5,16,23,31,43,39
1147,2017-02-09,2,3,10,16,26,27,23
1146,2017-02-06,1,10,19,23,26,34,27
1145,2017-02-02,1,4,15,18,25,28,36
1144,2017-01-30,7,13,14,33,39,43,29
1143,2017-01-26,19,21,31,39,42,43,29
1142,2017-01-23,12,13,19,23,28,35,31
1141,2017-01-19,1,4,10,14,24,26,29
1140,2017-01-16,11,21,30,31,36,37,23
1139,2017-01-12,4,6,14,17,23,33,26
1138,2017-01-09,8,15,21,24,35,38,22
1137,2017-01-05,1,18,21,31,37,41,20
1136,2016-12-29,3,4,7,8,22,33,18
1135,2016-12-26,20,22,28,29,32,41,14
1134,2016-12-22,5,6,12,14,30,38,29
1133,2016-12-19,3,18,19,20,37,38,9
1132,2016-12-15,4,5,24,29,33,35,40
1131,2016-12-12,6,12,25,36,38,41,18
1130,2016-12-08,1,11,37,38,39,42,26
1129,2016-12-05,6,11,19,28,30,43,32
1128,2016-12-01,3,15,21,29,30,35,39
1127,2016-11-28,9,15,17,21,23,42,24
1126,2016-11-24,4,5,26,30,34,42,27
1125,2016-11-21,2,16,19,20,24,36,27
1124,2016-11-17,1,16,24,28,40,42,33
1123,2016-11-14,4,8,23,29,34,35,15
1122,2016-11-10,22,24,29,31,32,34,40
1121,2016-11-07,2,8,31,38,40,42,41
1120,2016-11-03,10,12,13,29,35,39,33
1119,2016-10-31,3,6,15,21,42,43,11
1118,2016-10-27,1,11,21,25,34,36,28
1117,2016-10-24,2,6,7,9,19,23,21
1116,2016-10-20,1,11,33,34,35,38,29
1115,2016-10-17,3,10,12,26,38,42,4
1114,2016-10-13,2,7,9,28,38,39,26
1113,2016-10-10,1,12,14,26,34,41,6
1112,2016-10-06,6,9,15,19,39,42,34
1111,2016-10-03,6,16,17,27,33,41,42
1110,2016-09-29,1,6,21,34,36,39,29
1109,2016-09-26,6,8,14,27,36,42,28
1108,2016-09-22,12,25,29,32,38,43,35
1107,2016-09-19,6,7,12,22,30,33,36
1106,2016-09-15,1,4,8,10,18,33,15
1105,2016-09-12,12,15,25,31,39,40,26
1104,2016-09-08,15,25,32,33,36,38,40
1103,2016-09-05,8,13,14,18,24,38,25
1102,2016-09-01,3,6,9,13,36,37,32
1101,2016-08-29,4,5,7,10,13,16,1
1100,2016-08-25,2,6,16,23,32,35,37
1099,2016-08-22,6,8,12,17,18,24,35
1098,2016-08-18,1,19,31,33,35,43,29
1097,2016-08-15,1,5,8,14,19,21,4
1096,2016-08-11,6,19,21,31,38,41,40
1095,2016-08-08,3,6,15,18,23,27,38
1094,2016-08-04,6,7,20,24,28,43,11
1093,2016-08-01,4,19,26,40,42,43,9
1092,2016-07-28,2,11,18,27,30,33,14
1091,2016-07-25,21,22,24,26,28,30,38
1090,2016-07-21,3,10,15,22,27,40,23
1089,2016-07-18,5,17,19,22,41,42,4
1088,2016-07-14,5,8,16,24,32,33,22
1087,2016-07-11,10,13,26,27,30,36,6
1086,2016-07-07,3,7,9,31,38,43,29
1085,2016-07-04,3,20,21,30,34,35,23
1084,2016-06-30,1,7,20,28,34,38,16
1083,2016-06-27,10,13,15,18,25,38,20
1082,2016-06-23,9,12,19,21,39,40,16
1081,2016-06-20,6,8,13,17,18,20,28
1080,2016-06-16,6,15,16,19,38,41,23
1079,2016-06-13,8,12,19,24,30,36,42
1078,2016-06-09,3,12,20,33,35,41,34
1077,2016-06-06,1,4,9,23,30,36,5
1076,2016-06-02,21,22,24,30,31,43,19
1075,2016-05-30,7,8,21,24,34,42,1
1074,2016-05-26,8,9,16,27,30,33,19
1073,2016-05-23,1,3,5,8,20,39,30
1072,2016-05-19,3,17,20,32,36,43,4
1071,2016-05-16,1,10,25,27,31,40,3
1070,2016-05-12,11,21,25,34,35,36,15
1069,2016-05-09,12,17,26,30,33,40,8
1068,2016-05-05,3,9,21,34,35,42,4
1067,2016-05-02,5,9,25,27,28,33,10
1066,2016-04-28,2,11,29,36,40,42,17
1065,2016-04-25,11,13,27,37,41,42,40
1064,2016-04-21,4,13,18,27,30,39,34
1063,2016-04-18,6,12,13,34,38,42,41
1062,2016-04-14,2,7,28,39,42,43,41
1061,2016-04-11,1,12,14,16,20,29,4
1060,2016-04-07,5,10,16,17,32,37,36
1059,2016-04-04,8,26,27,29,35,43,6
1058,2016-03-31,11,12,17,23,29,43,37
1057,2016-03-28,2,11,19,21,28,38,25
1056,2016-03-24,14,16,19,29,32,37,24
1055,2016-03-21,5,11,20,25,26,32,6
1054,2016-03-17,7,9,10,19,28,33,36
1053,2016-03-14,4,11,23,27,35,42,15
1052,2016-03-10,6,26,34,37,42,43,13
1051,2016-03-07,5,13,20,28,30,32,16
1050,2016-03-03,3,8,14,28,31,43,35
1049,2016-02-29,3,6,15,23,24,31,11
1048,2016-02-25,26,27,30,31,34,40,20
1047,2016-02-22,5,9,13,31,32,35,26
1046,2016-02-18,6,13,17,18,27,43,21
1045,2016-02-15,1,19,21,30,31,43,18
1044,2016-02-11,3,7,16,26,34,39,23
1043,2016-02-08,21,29,30,32,38,42,16
1042,2016-02-04,4,10,11,12,18,25,36
1041,2016-02-01,14,22,27,29,33,37,24
1040,2016-01-28,7,13,15,21,23,34,12
1039,2016-01-25,6,9,20,34,37,41,25
1038,2016-01-21,3,7,24,25,27,39,20
1037,2016-01-18,1,3,12,13,21,32,41
1036,2016-01-14,2,8,17,27,30,31,13
1035,2016-01-11,9,15,17,19,27,33,40
1034,2016-01-07,14,20,24,25,31,32,29
1033,2016-01-04,1,15,21,24,37,41,7
1032,2015-12-28,11,20,21,30,36,43,17
1031,2015-12-24,2,4,7,22,32,35,1
1030,2015-12-21,4,9,17,20,23,42,19
1029,2015-12-17,5,13,22,31,37,39,4
1028,2015-12-14,7,10,18,21,28,36,40
1027,2015-12-10,13,16,17,19,20,38,18
1026,2015-12-07,1,8,11,17,22,26,31
1025,2015-12-03,10,17,20,21,36,43,34
1024,2015-11-30,2,4,5,20,37,43,32
1023,2015-11-26,9,17,24,25,33,40,43
1022,2015-11-23,3,15,19,30,34,37,12
1021,2015-11-19,3,30,32,33,34,39,28
1020,2015-11-16,2,25,27,28,35,42,6
1019,2015-11-12,8,14,15,22,25,40,19
1018,2015-11-09,3,22,25,28,32,39,21
1017,2015-11-05,1,4,24,30,39,40,5
1016,2015-11-02,1,14,31,32,39,42,34
1015,2015-10-29,9,14,20,23,27,32,22
1014,2015-10-26,2,3,9,19,40,42,6
1013,2015-10-22,3,20,36,38,39,41,22
1012,2015-10-19,9,11,19,22,27,38,2
1011,2015-10-15,23,26,27,29,30,43,6
1010,2015-10-12,6,12,16,24,25,37,17
1009,2015-10-08,3,19,34,36,40,43,28
1008,2015-10-05,11,14,16,21,24,39,36
1007,2015-10-01,3,8,17,25,28,43,42
1006,2015-09-28,7,8,16,31,32,33,12
1005,2015-09-24,5,13,20,24,25,27,42
1004,2015-09-21,3,21,23,24,27,32,36
1003,2015-09-17,13,22,26,34,38,43,42
1002,2015-09-14,8,14,22,25,27,41,11
1001,2015-09-10,9,12,15,16,18,35,2
1000,2015-09-07,1,15,21,22,26,29,37
999,2015-09-03,8,15,17,30,32,36,43
998,2015-08-31,1,3,12,19,26,29,28
997,2015-08-27,3,5,8,11,33,43,23
996,2015-08-24,1,3,14,26,27,42,25
995,2015-08-20,7,11,17,21,37,39,36
994,2015-08-17,18,22,29,31,39,43,9
993,2015-08-13,1,5,10,32,38,40,18
992,2015-08-10,4,6,8,22,27,38,34
991,2015-08-06,3,18,21,25,29,37,35
990,2015-08-03,4,12,16,27,28,41,42
989,2015-07-30,5,7,31,33,36,39,21
988,2015-07-27,5,6,10,22,34,41,19
987,2015-07-23,3,14,15,24,25,36,33
986,2015-07-20,4,11,17,30,36,43,5
985,2015-07-16,3,11,19,26,29,38,31
984,2015-07-13,14,23,24,28,37,38,20
983,2015-07-09,15,19,32,35,36,38,31
982,2015-07-06,15,19,21,22,29,40,42
981,2015-07-02,14,19,22,23,31,37,21
980,2015-06-29,15,20,23,35,38,42,13
979,2015-06-25,9,12,16,18,27,38,10
978,2015-06-22,3,11,19,30,38,42,31
977,2015-06-18,10,15,17,27,42,43,33
976,2015-06-15,6,13,22,28,42,43,29
975,2015-06-11,3,11,13,27,29,36,15
974,2015-06-08,2,3,29,30,32,43,26
973,2015-06-04,1,5,6,12,30,31,24
972,2015-06-01,2,7,17,18,21,40,29
971,2015-05-28,2,3,4,12,22,29,11
970,2015-05-25,2,4,18,23,31,38,1
969,2015-05-21,3,9,19,22,23,40,10
968,2015-05-18,6,10,15,20,23,26,17
967,2015-05-14,1,11,26,30,32,40,8
966,2015-05-11,10,22,31,34,36,43,30
965,2015-05-07,10,12,19,20,21,22,13
964,2015-05-04,2,21,23,29,30,43,26
963,2015-04-30,4,23,29,31,32,35,17
962,2015-04-27,4,6,10,24,32,37,35
961,2015-04-23,5,11,17,18,19,25,34
960,2015-04-20,5,18,23,32,35,39,10
959,2015-04-16,1,16,18,28,36,38,42
958,2015-04-13,9,18,23,24,26,30,21
957,2015-04-09,2,11,22,32,36,42,20
956,2015-04-06,1,4,6,22,24,38,34
955,2015-04-02,14,19,27,28,37,42,24
954,2015-03-30,3,23,24,28,29,42,41
953,2015-03-26,2,9,17,38,39,42,20
952,2015-03-23,10,16,22,25,31,39,27
951,2015-03-19,11,15,22,23,26,30,37
950,2015-03-16,2,6,16,24,30,41,18
949,2015-03-12,5,19,26,36,39,43,9
948,2015-03-09,7,16,17,28,39,43,24
947,2015-03-05,1,6,21,23,27,40,9
946,2015-03-02,2,9,12,16,31,36,41
945,2015-02-26,3,10,15,23,36,37,31
944,2015-02-23,7,20,25,29,33,37,27
943,2015-02-19,9,10,14,15,39,43,25
942,2015-02-16,2,3,14,27,28,38,8
941,2015-02-12,5,12,22,29,38,39,19
940,2015-02-09,1,18,28,31,35,37,39
939,2015-02-05,8,11,15,17,26,43,32
938,2015-02-02,5,9,12,19,30,35,29
937,2015-01-29,13,15,21,25,36,41,8
936,2015-01-26,1,3,12,16,20,35,5
935,2015-01-22,2,12,14,26,38,43,8
934,2015-01-19,3,7,16,17,20,32,12
933,2015-01-15,5,9,20,21,31,41,26
932,2015-01-12,4,15,30,37,42,43,32
931,2015-01-08,14,18,19,24,25,33,21
930,2015-01-05,10,12,37,39,40,43,11
929,2014-12-29,10,12,15,25,31,34,26
928,2014-12-25,1,21,23,26,31,33,14
927,2014-12-22,2,29,30,31,33,34,37
926,2014-12-18,16,26,32,35,37,39,25
925,2014-12-15,25,26,27,28,32,37,40
924,2014-12-11,13,20,24,32,35,42,43
923,2014-12-08,5,13,30,31,32,35,29
922,2014-12-04,4,6,19,32,33,38,1
921,2014-12-01,5,7,26,36,38,39,32
920,2014-11-27,9,17,27,30,35,38,6
919,2014-11-24,2,9,12,17,33,42,26
918,2014-11-20,10,15,25,29,34,36,39
917,2014-11-17,2,6,25,26,41,42,18
916,2014-11-13,6,14,25,27,38,43,21
915,2014-11-10,7,12,21,33,38,40,42
914,2014-11-06,2,3,26,33,36,40,19
913,2014-11-03,5,8,20,31,36,41,16
912,2014-10-30,5,14,19,20,32,42,11
911,2014-10-27,8,16,18,22,27,35,3
910,2014-10-23,11,12,13,17,25,33,14
909,2014-10-20,12,15,21,27,30,35,28
908,2014-10-16,6,14,21,22,23,30,32
907,2014-10-13,5,13,18,22,27,41,19
906,2014-10-09,6,9,12,13,30,40,31
905,2014-10-06,4,15,24,40,41,42,31
904,2014-10-02,2,4,6,15,21,41,29
903,2014-09-29,1,3,6,7,16,19,12
902,2014-09-25,11,21,26,31,32,33,22
901,2014-09-22,6,13,22,28,29,37,14
900,2014-09-18,8,12,21,22,31,35,2
899,2014-09-15,3,10,15,18,27,40,38
898,2014-09-11,13,17,21,25,29,37,23
897,2014-09-08,8,10,14,15,27,30,12
896,2014-09-04,5,6,21,27,32,38,34
895,2014-09-01,5,12,24,25,37,38,39
894,2014-08-28,4,5,9,20,21,32,40
893,2014-08-25,10,12,26,28,29,37,34
892,2014-08-21,14,19,31,35,40,43,38
891,2014-08-18,7,9,14,30,42,43,24
890,2014-08-14,1,4,6,14,28,31,21
889,2014-08-11,2,10,21,28,41,43,12
888,2014-08-07,2,4,9,36,37,39,43
887,2014-08-04,3,4,6,18,32,37,7
886,2014-07-31,7,10,13,23,34,39,11
885,2014-07-28,22,28,33,36,37,41,14
884,2014-07-24,2,7,25,26,38,42,19
883,2014-07-21,10,16,25,29,38,42,23
882,2014-07-17,5,15,23,26,30,36,6
881,2014-07-14,4,6,12,18,28,41,35
880,2014-07-10,1,8,11,16,25,32,19
879,2014-07-07,24,27,34,35,36,43,25
878,2014-07-03,5,14,16,22,25,40,43
877,2014-06-30,3,14,17,32,35,43,10
876,2014-06-26,11,12,18,25,35,39,9
875,2014-06-23,4,5,11,13,22,25,43
874,2014-06-19,2,8,21,27,33,37,42
873,2014-06-16,4,22,26,27,32,43,20
872,2014-06-12,6,10,17,18,19,24,7
871,2014-06-09,3,10,11,13,20,27,25
870,2014-06-05,1,11,14,21,23,39,26
869,2014-06-02,5,7,23,24,37,38,40
868,2014-05-29,5,18,19,26,31,43,10
867,2014-05-26,2,14,21,26,37,38,18
866,2014-05-22,1,3,10,21,29,43,39
865,2014-05-19,5,7,8,12,23,25,26
864,2014-05-15,19,21,24,28,32,40,12
863,2014-05-12,4,14,18,26,35,36,2
862,2014-05-08,5,10,16,34,36,39,43
861,2014-05-05,4,17,21,28,35,42,29
860,2014-05-01,14,16,32,35,38,41,6
859,2014-04-28,1,12,15,17,21,36,24
858,2014-04-24,3,14,29,32,33,42,40
857,2014-04-21,1,3,6,17,28,42,24
856,2014-04-17,10,24,32,34,38,40,43
855,2014-04-14,10,13,15,25,37,42,30
854,2014-04-10,4,11,14,18,25,37,42
853,2014-04-07,2,9,22,26,31,35,7
852,2014-04-03,3,17,22,23,27,40,35
851,2014-03-31,5,8,14,20,26,27,7
850,2014-03-27,2,11,30,32,38,41,4
849,2014-03-24,1,3,4,10,15,40,34
848,2014-03-20,6,7,13,15,35,39,33
847,2014-03-17,9,10,23,31,35,36,38
846,2014-03-13,9,14,18,28,30,33,4
845,2014-03-10,2,12,13,22,24,34,20
844,2014-03-06,2,5,18,27,35,38,24
843,2014-03-03,3,7,8,26,42,43,11
842,2014-02-27,8,11,17,26,33,43,24
841,2014-02-24,8,22,24,28,31,36,38
840,2014-02-20,3,4,17,24,27,34,39
839,2014-02-17,1,3,5,12,13,38,37
838,2014-02-13,12,28,32,36,38,43,13
837,2014-02-10,5,17,34,37,39,42,28
836,2014-02-06,7,11,31,34,38,43,28
835,2014-02-03,5,9,10,28,39,40,24
834,2014-01-30,4,17,27,39,41,42,8
833,2014-01-27,5,6,13,20,22,28,2
832,2014-01-23,19,24,27,31,32,33,17
831,2014-01-20,3,4,7,13,22,31,19
830,2014-01-16,5,6,9,18,28,40,22
829,2014-01-13,2,3,23,32,36,39,20
828,2014-01-09,2,9,10,24,25,43,26
827,2014-01-06,2,4,23,24,33,41,5
826,2013-12-30,5,15,22,24,29,36,2
825,2013-12-26,6,10,12,16,39,40,20
824,2013-12-23,16,19,26,27,29,32,4
823,2013-12-19,5,6,23,30,37,38,28
822,2013-12-16,6,11,15,24,27,33,29
821,2013-12-12,7,10,12,34,40,43,16
820,2013-12-09,1,11,19,28,39,43,16
819,2013-12-05,10,19,23,25,30,40,14
818,2013-12-02,5,21,24,34,37,38,16
817,2013-11-29,16,21,27,32,34,43,42
816,2013-11-25,5,14,19,24,27,37,9
815,2013-11-21,1,2,6,24,25,41,29
814,2013-11-18,4,7,15,23,38,42,1
813,2013-11-14,9,10,12,13,28,38,39
812,2013-11-11,1,12,15,26,34,40,22
811,2013-11-07,2,6,20,24,31,40,34
810,2013-11-04,3,31,32,38,39,40,37
809,2013-10-31,2,11,20,31,32,37,17
808,2013-10-28,13,18,22,28,41,42,26
807,2013-10-24,1,6,12,20,22,23,27
806,2013-10-21,3,16,19,25,39,40,29
805,2013-10-17,2,14,19,22,24,43,6
804,2013-10-14,6,20,23,25,31,33,30
803,2013-10-10,9,29,33,34,35,41,27
802,2013-10-07,9,13,18,19,25,30,15
801,2013-10-03,2,18,19,20,25,31,32
800,2013-09-30,8,12,22,23,25,35,43
799,2013-09-26,4,6,8,10,19,28,25
798,2013-09-23,1,3,5,25,39,41,34
797,2013-09-19,1,4,13,18,23,39,35
796,2013-09-16,1,7,11,14,22,34,2
795,2013-09-12,13,19,24,28,33,38,29
794,2013-09-09,15,22,25,29,34,42,2
793,2013-09-05,10,13,14,19,26,43,12
792,2013-09-02,1,7,14,25,37,43,4
791,2013-08-29,1,10,22,24,34,37,20
790,2013-08-26,9,13,19,27,34,38,8
789,2013-08-22,12,17,29,32,38,40,28
788,2013-08-19,2,8,13,27,31,32,16
787,2013-08-15,4,5,13,21,33,34,15
786,2013-08-12,10,11,17,31,35,39,23
785,2013-08-08,1,9,18,20,24,29,15
784,2013-08-05,1,9,23,29,37,41,22
783,2013-08-01,9,14,22,24,25,32,13
782,2013-07-29,19,21,23,24,27,43,10
781,2013-07-25,5,6,15,23,40,43,39
780,2013-07-22,6,7,12,26,39,43,4
779,2013-07-18,10,13,27,34,36,39,7
778,2013-07-15,5,11,17,24,35,41,3
777,2013-07-11,15,16,23,29,37,39,42
776,2013-07-08,2,8,14,23,28,42,25
775,2013-07-04,1,2,21,22,37,38,17
774,2013-07-01,2,4,9,13,16,33,15
773,2013-06-27,4,7,10,11,12,32,9
772,2013-06-24,7,11,16,19,20,23,30
771,2013-06-20,15,21,31,32,33,34,27
770,2013-06-17,17,19,21,22,36,37,25
769,2013-06-13,1,2,4,16,17,38,8
768,2013-06-10,1,8,19,25,32,38,39
767,2013-06-06,2,6,11,27,29,37,14
766,2013-06-03,6,10,12,32,37,39,33
765,2013-05-30,4,14,17,22,26,41,6
764,2013-05-27,6,7,24,34,42,43,14
763,2013-05-23,6,8,10,21,39,42,36
762,2013-05-20,6,8,9,20,24,27,40
761,2013-05-16,8,10,11,12,20,40,42
760,2013-05-13,3,4,6,15,32,40,34
759,2013-05-09,14,22,25,28,37,41,31
758,2013-05-06,11,19,20,25,38,40,33
757,2013-05-02,4,10,14,19,35,38,17
756,2013-04-29,8,10,24,26,27,28,32
755,2013-04-25,10,16,20,25,29,39,2
754,2013-04-22,16,27,33,35,39,41,42
753,2013-04-18,2,4,11,15,20,38,18
752,2013-04-15,3,5,13,18,22,37,14
751,2013-04-11,13,16,21,25,31,38,43
750,2013-04-08,4,6,13,16,18,39,34
749,2013-04-04,7,8,11,13,23,40,25
748,2013-04-01,2,14,16,27,28,30,21
747,2013-03-28,8,19,20,23,24,35,5
746,2013-03-25,6,9,10,29,31,35,28
745,2013-03-21,8,12,16,23,33,34,6
744,2013-03-18,2,5,12,14,30,42,3
743,2013-03-14,3,4,8,10,14,37,32
742,2013-03-11,2,12,13,14,22,35,4
741,2013-03-07,8,11,15,29,36,43,18
740,2013-03-04,8,9,15,26,37,40,18
739,2013-02-28,11,13,18,20,28,38,31
738,2013-02-25,14,21,22,32,33,41,9
737,2013-02-21,6,10,21,24,27,39,11
736,2013-02-18,2,14,17,19,38,43,6
735,2013-02-14,5,12,19,22,32,39,14
734,2013-02-11,10,19,22,27,29,39,21
733,2013-02-07,5,13,14,26,37,38,28
732,2013-02-04,20,33,35,36,37,38,29
731,2013-01-31,6,7,23,25,38,42,21
730,2013-01-28,10,15,21,22,33,35,1
729,2013-01-24,2,10,16,18,27,42,22
728,2013-01-21,10,15,22,23,38,42,12
727,2013-01-17,3,24,26,27,39,41,4
726,2013-01-14,13,21,30,31,37,40,14
725,2013-01-10,5,6,7,20,31,41,22
724,2013-01-07,4,9,32,37,38,39,31
723,2012-12-27,16,27,28,36,39,42,2
722,2012-12-24,6,11,32,34,35,39,18
721,2012-12-20,1,14,23,24,27,40,10
720,2012-12-17,25,26,27,28,35,38,19
719,2012-12-13,11,14,27,31,34,42,13
718,2012-12-10,15,20,27,29,33,43,18
717,2012-12-06,13,14,16,21,29,42,20
716,2012-12-03,5,7,14,24,25,35,32
715,2012-11-29,5,10,12,25,28,31,36
714,2012-11-26,2,14,26,28,29,42,13
713,2012-11-22,19,20,21,24,25,26,35
712,2012-11-19,2,5,8,9,14,25,18
711,2012-11-15,5,11,15,24,34,39,37
710,2012-11-12,4,5,9,20,33,37,35
709,2012-11-08,1,11,13,29,37,39,8
708,2012-11-05,2,13,20,22,25,38,35
707,2012-11-01,8,15,21,32,40,41,7
706,2012-10-29,2,8,29,31,34,37,9
705,2012-10-25,14,15,16,18,20,33,3
704,2012-10-22,7,10,16,18,19,37,20
703,2012-10-18,20,24,27,28,38,41,4
702,2012-10-15,1,20,23,37,38,40,4
701,2012-10-11,20,22,24,32,36,39,29
700,2012-10-08,1,8,17,24,33,35,11
699,2012-10-04,12,13,21,25,29,32,20
698,2012-10-01,5,20,21,26,30,33,27
697,2012-09-27,2,12,14,18,40,41,6
696,2012-09-24,2,10,14,19,36,39,9
695,2012-09-20,4,7,11,12,13,19,27
694,2012-09-17,8,23,27,31,38,40,3
693,2012-09-13,4,14,18,22,32,35,10
692,2012-09-10,9,10,12,19,21,42,15
691,2012-09-06,4,7,8,15,16,42,23
690,2012-09-03,7,8,10,21,34,38,30
689,2012-08-30,6,8,12,17,24,31,38
688,2012-08-27,9,12,16,33,34,35,1
687,2012-08-23,16,20,27,33,40,42,34
686,2012-08-20,21,24,26,35,37,38,16
685,2012-08-16,12,23,27,32,39,43,15
684,2012-08-13,6,7,13,18,27,33,16
683,2012-08-09,16,24,29,32,35,38,37
682,2012-08-06,3,5,7,18,19,41,34
681,2012-08-02,1,11,13,30,37,41,27
680,2012-07-30,8,9,23,34,38,41,6
679,2012-07-26,4,5,7,37,41,42,39
678,2012-07-23,8,24,25,29,32,40,28
677,2012-07-19,4,11,22,31,32,35,23
676,2012-07-16,2,8,20,33,38,42,21
675,2012-07-12,8,10,15,21,24,34,28
674,2012-07-09,8,11,15,22,40,41,39
673,2012-07-05,2,6,16,27,28,29,38
672,2012-07-02,1,5,23,24,36,43,19
671,2012-06-28,5,10,14,16,23,38,21
670,2012-06-25,1,4,7,25,32,41,18
669,2012-06-21,4,6,10,17,24,33,19
668,2012-06-18,7,13,20,27,34,35,22
667,2012-06-14,21,31,34,37,39,40,15
666,2012-06-11,2,6,28,30,31,41,7
665,2012-06-07,13,22,27,29,36,37,40
664,2012-06-04,2,8,11,12,26,29,22
663,2012-05-31,13,18,21,30,33,40,25
662,2012-05-28,12,31,32,34,36,40,6
661,2012-05-24,6,9,17,20,33,40,26
660,2012-05-21,8,20,31,36,37,38,39
659,2012-05-17,21,30,35,39,41,42,3
658,2012-05-14,14,24,32,40,41,42,9
657,2012-05-10,3,20,29,33,34,40,2
656,2012-05-07,2,8,13,17,25,37,30
655,2012-05-03,5,10,23,26,28,29,27
654,2012-04-30,12,18,21,29,32,38,2
653,2012-04-26,13,21,22,26,29,36,31
652,2012-04-23,1,10,16,19,20,39,29
651,2012-04-19,4,15,17,34,38,40,5
650,2012-04-16,12,31,34,40,41,43,6
649,2012-04-12,14,22,29,33,36,40,38
648,2012-04-09,22,26,27,28,36,43,1
647,2012-04-05,2,7,15,22,36,43,27
646,2012-04-02,9,12,14,24,28,33,37
645,2012-03-29,3,10,12,32,33,43,31
644,2012-03-26,4,14,22,23,26,42,2
643,2012-03-22,2,6,21,31,35,37,15
642,2012-03-19,8,13,14,21,33,41,18
641,2012-03-15,3,14,21,24,26,29,32
640,2012-03-12,3,11,18,20,33,39,22
639,2012-03-08,1,16,20,24,33,34,8
638,2012-03-05,6,11,19,28,35,40,14
637,2012-03-01,7,12,16,28,31,34,11
636,2012-02-27,2,12,21,23,24,26,36
635,2012-02-23,8,11,12,15,41,43,22
634,2012-02-20,8,10,13,15,20,40,23
633,2012-02-16,7,9,11,14,15,18,5
632,2012-02-13,3,4,14,21,22,25,26
631,2012-02-09,2,5,7,10,36,40,12
630,2012-02-06,3,7,13,18,19,41,38
629,2012-02-02,6,16,21,30,34,43,36
628,2012-01-30,7,13,15,18,29,38,30
627,2012-01-26,2,4,7,19,34,42,30
626,2012-01-23,6,13,14,22,26,28,10
625,2012-01-19,5,17,26,37,39,42,20
624,2012-01-16,4,8,12,22,25,30,43
623,2012-01-12,7,8,16,35,39,42,9
622,2012-01-09,7,16,18,20,27,36,41
621,2012-01-05,6,15,16,28,36,40,20
620,2011-12-29,7,10,13,19,31,38,12
619,2011-12-26,2,11,29,31,33,38,14
618,2011-12-22,4,15,21,31,35,42,13
617,2011-12-19,5,8,18,28,34,35,10
616,2011-12-15,4,7,18,19,24,35,17
615,2011-12-12,6,16,24,32,36,43,28
614,2011-12-08,2,6,22,25,31,42,1
613,2011-12-05,2,6,18,26,32,37,5
612,2011-12-01,7,18,31,32,39,40,35
611,2011-11-28,10,12,14,24,34,39,16
610,2011-11-24,2,5,12,23,26,41,36
609,2011-11-21,18,24,36,37,39,41,1
608,2011-11-17,4,6,16,17,18,26,40
607,2011-11-14,2,3,8,12,20,21,16
606,2011-11-10,8,15,24,26,35,42,7
605,2011-11-07,1,4,13,25,38,43,11
604,2011-11-03,9,15,20,22,28,43,37
603,2011-10-31,3,8,18,21,23,42,17
602,2011-10-27,8,13,15,18,24,41,27
601,2011-10-24,6,22,25,26,30,39,32
600,2011-10-20,3,20,23,24,28,35,26
599,2011-10-17,1,2,8,13,27,39,36
598,2011-10-13,6,10,15,21,36,41,40
597,2011-10-10,3,4,7,13,16,23,1
596,2011-10-06,2,13,17,24,29,34,12
595,2011-10-03,1,5,15,22,39,40,27
594,2011-09-29,4,5,15,30,34,38,2
593,2011-09-26,2,10,16,26,29,30,4
592,2011-09-22,12,14,22,23,34,41,36
591,2011-09-19,1,13,16,22,27,33,5
590,2011-09-15,20,24,25,27,32,37,2
589,2011-09-12,1,9,10,28,41,42,33
588,2011-09-08,8,13,18,33,34,36,23
587,2011-09-05,10,12,18,27,33,40,42
586,2011-09-01,6,7,10,23,36,42,11
585,2011-08-29,1,28,32,34,41,42,22
584,2011-08-25,10,11,24,26,37,38,21
583,2011-08-22,2,12,17,18,40,43,16
582,2011-08-18,7,10,14,25,32,38,13
581,2011-08-15,5,22,28,29,35,39,21
580,2011-08-11,12,15,17,25,35,43,32
579,2011-08-08,6,8,17,19,23,42,32
578,2011-08-04,16,22,23,27,33,37,36
577,2011-08-01,3,12,29,31,36,37,26
576,2011-07-28,8,9,21,24,29,37,1
575,2011-07-25,4,11,17,21,23,30,18
574,2011-07-21,4,11,16,20,26,43,9
573,2011-07-18,3,5,21,30,37,38,11
572,2011-07-14,10,12,18,38,42,43,40
571,2011-07-11,6,20,21,23,33,38,10
570,2011-07-07,2,4,10,28,38,43,25
569,2011-07-04,4,19,21,25,28,40,38
568,2011-06-30,7,10,15,31,32,42,41
567,2011-06-27,7,13,17,23,28,34,25
566,2011-06-23,10,17,18,29,30,41,7
565,2011-06-20,3,6,8,21,28,32,10
564,2011-06-16,3,12,18,24,34,39,16
563,2011-06-13,4,5,26,28,34,38,8
562,2011-06-09,9,10,11,25,30,37,12
561,2011-06-06,4,14,30,35,40,41,29
560,2011-06-02,4,17,19,37,39,42,16
559,2011-05-30,2,7,16,25,26,43,3
558,2011-05-26,4,32,33,38,41,43,2
557,2011-05-23,6,18,23,32,38,43,37
556,2011-05-19,6,9,13,17,29,30,25
555,2011-05-16,2,3,7,9,36,42,5
554,2011-05-12,16,27,34,35,36,38,37
553,2011-05-09,3,9,11,15,27,37,10
552,2011-05-05,13,22,26,30,40,41,8
551,2011-05-02,15,16,19,21,26,42,10
550,2011-04-28,12,15,19,32,36,42,37
549,2011-04-25,5,14,27,29,32,33,16
548,2011-04-21,12,13,16,28,29,35,5
547,2011-04-18,6,10,11,30,32,39,27
546,2011-04-14,1,14,30,34,40,43,27
545,2011-04-11,16,21,24,28,32,36,35
544,2011-04-07,11,14,16,32,41,42,33
543,2011-04-04,15,17,18,19,22,31,30
542,2011-03-31,10,14,23,35,38,41,17
541,2011-03-24,3,4,5,28,34,43,20
540,2011-03-17,15,23,29,35,36,41,42
539,2011-03-10,3,10,13,17,18,28,24
538,2011-03-03,2,11,14,23,26,33,28
537,2011-02-24,10,18,22,24,26,37,12
536,2011-02-17,4,10,12,14,23,36,2
535,2011-02-10,6,14,23,24,27,32,11
534,2011-02-03,1,2,19,22,26,37,43
533,2011-01-27,6,16,24,31,41,43,7
532,2011-01-20,23,28,33,35,37,42,4
531,2011-01-13,5,12,16,24,26,33,8
530,2011-01-06,1,10,19,30,33,36,35
529,2010-12-30,6,19,21,24,31,41,7
528,2010-12-23,2,5,12,21,28,32,41
527,2010-12-16,5,7,12,23,39,41,9
526,2010-12-09,8,14,18,19,26,27,23
525,2010-12-02,1,11,17,28,33,38,20
524,2010-11-25,7,11,14,18,35,40,43
523,2010-11-18,7,8,26,27,41,43,16
522,2010-11-11,3,6,16,23,25,43,37
521,2010-11-04,1,8,15,21,23,30,33
520,2010-10-28,2,4,12,14,26,43,40
519,2010-10-21,1,13,25,29,30,33,35
518,2010-10-14,14,31,34,35,40,42,25
517,2010-10-07,6,10,13,14,28,37,39
516,2010-09-30,2,14,16,17,29,30,10
515,2010-09-23,2,3,23,25,33,35,34
514,2010-09-16,6,7,14,15,19,41,31
513,2010-09-09,1,6,12,14,15,19,18
512,2010-09-02,14,20,23,25,33,39,34
511,2010-08-26,4,22,23,27,38,43,9
510,2010-08-19,12,15,26,35,41,43,25
509,2010-08-12,3,4,12,18,27,28,40
508,2010-08-05,1,7,14,15,24,42,13
507,2010-07-29,5,14,19,21,28,31,17
506,2010-07-22,5,11,21,27,37,39,26
505,2010-07-15,19,21,27,33,34,43,41
504,2010-07-08,12,21,22,27,29,31,35
503,2010-07-01,1,18,25,27,28,39,11
502,2010-06-24,9,12,27,28,29,41,7
501,2010-06-17,3,17,21,23,36,38,7
500,2010-06-10,6,20,28,31,34,38,10
499,2010-06-03,3,9,15,16,22,35,12
498,2010-05-27,1,25,36,41,42,43,39
497,2010-05-20,6,12,14,17,36,40,34
496,2010-05-13,2,6,11,29,32,41,3
495,2010-05-06,4,6,20,21,29,33,31
494,2010-04-29,8,16,19,23,26,31,6
493,2010-04-22,8,26,30,36,41,42,20
492,2010-04-15,1,8,12,20,23,37,10
491,2010-04-08,7,9,20,27,31,34,33
490,2010-04-01,5,9,13,28,34,40,10
489,2010-03-25,6,8,12,30,33,43,36
488,2010-03-18,5,15,29,34,39,42,6
487,2010-03-11,2,6,8,19,22,34,30
486,2010-03-04,16,25,27,29,34,41,6
485,2010-02-25,14,26,30,33,34,39,19
484,2010-02-18,13,19,25,29,32,35,42
483,2010-02-11,2,8,15,24,33,35,30
482,2010-02-04,4,30,31,36,37,38,19
481,2010-01-28,2,9,11,24,25,34,20
480,2010-01-21,2,5,17,18,35,38,34
479,2010-01-14,5,7,14,17,20,27,3
478,2010-01-07,11,14,23,30,31,38,42
477,2009-12-24,12,14,16,18,38,41,17
476,2009-12-17,7,17,22,30,36,40,2
475,2009-12-10,5,9,10,27,33,42,2
474,2009-12-03,12,15,19,25,28,41,18
473,2009-11-26,6,16,17,22,34,37,26
472,2009-11-19,10,17,28,30,36,42,5
471,2009-11-12,2,13,14,22,23,32,34
470,2009-11-05,1,11,17,23,38,43,18
469,2009-10-29,10,12,20,35,40,43,28
468,2009-10-22,9,17,26,30,34,40,33
467,2009-10-15,18,19,20,24,32,43,41
466,2009-10-08,1,4,19,28,34,40,14
465,2009-10-01,6,24,27,30,32,38,13
464,2009-09-24,10,21,22,25,27,37,36
463,2009-09-17,10,13,16,25,30,42,28
462,2009-09-10,2,4,6,16,31,33,5
461,2009-09-03,8,10,13,30,32,42,12
460,2009-08-27,18,22,23,32,35,40,7
459,2009-08-20,11,13,27,31,37,43,30
458,2009-08-13,1,18,27,30,36,40,5
457,2009-08-06,10,12,27,32,34,43,42
456,2009-07-30,3,7,15,25,30,39,22
455,2009-07-23,11,20,26,28,30,43,24
454,2009-07-16,2,16,18,27,42,43,12
453,2009-07-09,7,17,19,27,35,40,41
452,2009-07-02,1,5,25,27,29,40,19
451,2009-06-25,6,14,16,19,26,39,21
450,2009-06-18,15,20,21,32,40,42,27
449,2009-06-11,19,20,21,23,27,32,24
448,2009-06-04,9,23,32,35,39,42,37
447,2009-05-28,15,23,29,36,42,43,34
446,2009-05-21,3,8,17,26,27,36,13
445,2009-05-14,10,20,23,26,37,40,9
444,2009-05-07,5,13,16,18,24,32,30
443,2009-04-30,6,10,21,22,23,35,5
442,2009-04-23,2,23,26,35,41,42,38
441,2009-04-16,10,18,33,34,39,41,21
440,2009-04-09,9,23,29,30,31,39,18
439,2009-04-02,11,14,20,28,32,41,27
438,2009-03-26,3,9,16,17,20,31,42
437,2009-03-19,2,5,11,21,23,43,15
436,2009-03-12,4,12,21,22,27,38,31
435,2009-03-05,2,11,12,28,35,37,27
434,2009-02-26,3,12,19,33,35,36,37
433,2009-02-19,3,9,11,24,26,34,25
432,2009-02-12,8,20,23,24,42,43,16
431,2009-02-05,1,5,19,20,35,41,33
430,2009-01-29,1,8,18,26,34,42,21
429,2009-01-22,17,25,29,33,37,42,7
428,2009-01-15,8,16,18,35,42,43,13
427,2009-01-08,5,12,13,33,39,42,20
426,2008-12-25,6,8,9,29,32,37,4
425,2008-12-18,2,3,12,20,34,43,4
424,2008-12-11,3,13,17,25,40,41,4
423,2008-12-04,1,2,3,30,35,36,21
422,2008-11-27,5,6,7,8,28,38,36
421,2008-11-20,2,6,8,10,25,34,31
420,2008-11-13,14,19,21,28,29,31,24
419,2008-11-06,5,8,16,25,26,30,1
418,2008-10-30,3,12,16,25,32,36,34
417,2008-10-23,3,20,23,30,31,37,6
416,2008-10-16,12,15,22,24,29,37,6
415,2008-10-09,9,28,33,34,37,43,41
414,2008-10-02,1,2,4,5,9,25,15
413,2008-09-25,2,14,15,26,35,37,25
412,2008-09-18,2,6,7,9,16,19,33
411,2008-09-11,2,4,6,24,35,39,34
410,2008-09-04,2,12,16,20,42,43,28
409,2008-08-28,6,13,17,27,28,36,33
408,2008-08-21,12,20,23,28,31,32,39
407,2008-08-14,11,18,19,30,37,39,38
406,2008-08-07,1,2,4,16,36,37,40
405,2008-07-31,6,13,19,20,30,31,8
404,2008-07-24,3,10,14,18,26,43,33
403,2008-07-17,8,10,13,20,24,33,23
402,2008-07-10,3,18,23,24,29,33,28
401,2008-07-03,14,15,27,34,35,42,37
400,2008-06-26,4,9,19,22,23,33,38
399,2008-06-19,1,14,17,28,31,37,21
398,2008-06-12,2,31,36,37,39,43,13
397,2008-06-05,15,16,23,30,39,43,11
396,2008-05-29,9,12,21,26,33,40,5
395,2008-05-22,15,21,26,28,42,43,39
394,2008-05-15,14,27,28,31,37,40,18
393,2008-05-08,7,18,27,37,38,43,35
392,2008-05-01,10,15,18,30,31,37,11
391,2008-04-24,8,20,23,24,29,38,43
390,2008-04-17,5,16,17,22,39,43,21
389,2008-04-10,6,12,22,25,31,35,28
388,2008-04-03,5,12,14,18,20,31,2
387,2008-03-27,12,16,19,27,30,32,38
386,2008-03-20,2,9,11,15,23,25,27
385,2008-03-13,6,31,34,35,37,40,7
384,2008-03-06,17,19,20,22,33,41,35
383,2008-02-28,7,12,17,18,24,28,43
382,2008-02-21,2,6,15,28,29,43,14
381,2008-02-14,4,13,15,22,39,41,30
380,2008-02-07,17,22,25,26,27,43,16
379,2008-01-31,8,13,15,21,33,34,5
378,2008-01-24,11,13,19,26,36,43,31
377,2008-01-17,2,3,8,20,21,24,13
376,2008-01-10,20,21,25,27,34,38,16
375,2007-12-27,7,9,14,17,36,37,11
374,2007-12-20,4,24,25,26,27,34,28
373,2007-12-13,7,14,15,19,35,43,30
372,2007-12-06,7,19,28,33,35,39,21
371,2007-11-29,14,15,23,24,32,34,31
370,2007-11-22,2,11,13,15,16,32,43
369,2007-11-15,3,9,12,16,18,37,14
368,2007-11-08,7,10,18,21,33,35,13
367,2007-11-01,10,13,17,38,41,43,28
366,2007-10-25,12,13,15,18,30,41,21
365,2007-10-18,6,19,20,28,36,37,11
364,2007-10-11,7,11,12,19,33,42,36
363,2007-10-04,3,6,7,22,27,31,4
362,2007-09-27,7,10,15,20,37,40,28
361,2007-09-20,1,21,28,30,37,43,31
360,2007-09-13,2,3,6,14,26,42,25
359,2007-09-06,3,5,19,20,23,27,40
358,2007-08-30,12,31,32,34,39,42,30
357,2007-08-23,2,10,11,12,19,38,6
356,2007-08-16,1,5,8,12,17,29,28
355,2007-08-09,1,11,24,26,36,37,39
354,2007-08-02,4,6,22,31,34,41,43
353,2007-07-26,1,9,15,16,22,26,29
352,2007-07-19,6,8,24,25,34,38,10
351,2007-07-12,3,13,16,24,26,43,15
350,2007-07-05,13,18,25,26,29,40,6
349,2007-06-28,8,13,15,19,20,30,25
348,2007-06-21,4,5,6,27,36,38,13
347,2007-06-14,8,20,23,27,32,33,13
346,2007-06-07,4,9,11,12,32,38,16
345,2007-05-31,10,21,22,25,35,37,18
344,2007-05-24,8,11,16,20,28,36,42
343,2007-05-17,13,28,29,37,38,41,35
342,2007-05-10,8,15,26,27,34,38,10
341,2007-05-03,4,14,23,25,28,35,41
340,2007-04-26,4,10,13,31,35,42,7
339,2007-04-19,3,5,9,26,34,36,12
338,2007-04-12,8,10,25,31,39,40,35
337,2007-04-05,5,15,16,20,34,39,29
336,2007-03-29,3,6,13,17,20,29,11
335,2007-03-22,4,5,10,23,36,42,8
334,2007-03-15,11,14,17,18,34,36,23
333,2007-03-08,1,5,7,15,41,42,38
332,2007-03-01,7,8,16,24,26,34,19
331,2007-02-22,2,8,17,24,32,38,35
330,2007-02-15,5,12,16,19,28,39,34
329,2007-02-08,6,8,15,17,39,40,37
328,2007-02-01,3,7,10,12,19,36,35
327,2007-01-25,6,12,14,28,31,36,35
326,2007-01-18,1,7,9,14,23,43,19
325,2007-01-11,6,7,18,29,33,39,43
324,2007-01-04,5,13,27,37,39,41,36
323,2006-12-28,9,11,21,23,33,39,26
322,2006-12-21,18,19,22,25,35,42,36
321,2006-12-14,21,29,31,36,38,41,10
320,2006-12-07,1,5,25,27,38,41,9
319,2006-11-30,15,20,23,28,37,40,17
318,2006-11-23,2,7,13,16,36,37,41
317,2006-11-16,7,8,15,30,35,36,40
316,2006-11-09,3,4,20,30,40,41,31
315,2006-11-02,1,2,17,24,40,41,31
314,2006-10-26,3,8,14,30,38,43,6
313,2006-10-19,1,19,21,31,32,40,33
312,2006-10-12,2,17,22,29,38,42,16
311,2006-10-05,1,16,22,36,37,42,34
310,2006-09-28,3,4,5,18,28,37,26
309,2006-09-21,1,4,26,36,41,42,9
308,2006-09-14,3,13,18,20,23,28,35
307,2006-09-07,1,7,11,32,33,40,27
306,2006-08-31,1,20,25,28,31,42,2
305,2006-08-24,1,2,5,23,31,34,43
304,2006-08-17,3,7,8,15,17,31,27
303,2006-08-10,4,24,31,35,37,39,13
302,2006-08-03,2,4,13,23,38,40,24
301,2006-07-27,4,5,6,9,10,11,33
300,2006-07-20,4,7,29,33,36,39,9
299,2006-07-13,2,4,5,17,35,41,18
298,2006-07-06,12,25,29,31,35,40,26
297,2006-06-29,6,8,9,20,38,40,2
296,2006-06-22,4,19,27,30,31,37,10
295,2006-06-15,9,12,18,20,37,43,5
294,2006-06-08,2,5,13,14,17,20,21
293,2006-06-01,6,8,15,17,36,43,38
292,2006-05-25,7,14,27,31,34,39,40
291,2006-05-18,10,15,20,28,41,43,19
290,2006-05-11,11,13,15,17,22,43,8
289,2006-05-04,7,9,12,17,34,38,3
288,2006-04-27,3,4,11,25,28,33,35
287,2006-04-20,1,5,18,34,35,39,7
286,2006-04-13,10,11,14,28,31,41,3
285,2006-04-06,1,3,9,14,16,29,37
284,2006-03-30,20,26,30,33,35,38,4
283,2006-03-23,6,9,16,22,27,37,36
282,2006-03-16,1,9,17,31,41,43,23
281,2006-03-09,3,9,10,11,19,35,30
280,2006-03-02,6,12,26,37,38,39,25
279,2006-02-23,7,11,12,23,30,43,27
278,2006-02-16,9,13,14,17,22,38,33
277,2006-02-09,7,9,18,20,30,38,23
276,2006-02-02,6,11,27,30,33,36,34
275,2006-01-26,4,13,15,31,33,40,8
274,2006-01-19,4,5,14,27,31,39,6
273,2006-01-12,4,18,20,21,29,40,37
272,2006-01-05,7,12,13,20,23,26,41
271,2005-12-29,9,10,19,25,40,41,8
270,2005-12-22,17,19,21,29,33,38,30
269,2005-12-15,1,10,13,15,21,23,36
268,2005-12-08,3,6,8,14,24,36,15
267,2005-12-01,3,5,8,22,35,38,41
266,2005-11-24,11,15,18,24,30,39,7
265,2005-11-17,2,3,16,22,23,28,40
264,2005-11-10,2,5,6,8,20,27,43
263,2005-11-03,1,5,13,22,39,41,4
262,2005-10-27,5,7,11,19,21,25,27
261,2005-10-20,6,17,18,21,35,41,32
260,2005-10-13,11,15,21,31,37,41,30
259,2005-10-06,1,12,15,23,34,42,27
258,2005-09-29,3,15,16,17,25,31,40
257,2005-09-22,7,15,29,30,39,40,11
256,2005-09-15,15,17,18,28,30,37,40
255,2005-09-08,6,7,12,17,34,42,8
254,2005-09-01,12,13,22,23,25,29,40
253,2005-08-25,15,16,19,22,36,43,13
252,2005-08-18,2,6,13,22,32,33,12
251,2005-08-11,2,12,19,25,29,36,26
250,2005-08-04,3,8,9,13,22,42,11
249,2005-07-28,1,3,17,23,33,35,18
248,2005-07-21,11,32,35,36,39,41,6
247,2005-07-14,8,16,30,32,34,39,13
246,2005-07-07,16,28,32,34,39,42,38
245,2005-06-30,3,6,18,24,28,36,21
244,2005-06-23,11,12,30,36,38,39,37
243,2005-06-16,5,34,35,38,42,43,8
242,2005-06-09,1,10,13,22,29,32,38
241,2005-06-02,8,14,27,33,36,40,20
240,2005-05-26,11,15,26,31,36,39,12
239,2005-05-19,4,9,18,30,31,40,24
238,2005-05-12,5,10,15,20,33,37,30
237,2005-05-05,1,3,11,13,27,37,30
236,2005-04-28,1,8,9,14,34,38,4
235,2005-04-21,6,21,23,24,28,39,38
234,2005-04-14,11,17,24,26,27,30,19
233,2005-04-07,6,18,26,40,41,42,9
232,2005-03-31,1,5,7,26,39,43,32
231,2005-03-24,1,4,6,16,18,43,41
230,2005-03-17,4,9,18,31,36,42,34
229,2005-03-10,8,16,21,24,27,36,20
228,2005-03-03,5,8,17,26,36,39,34
227,2005-02-24,6,13,17,29,32,36,35
226,2005-02-17,8,26,36,40,42,43,21
225,2005-02-10,9,11,21,31,35,38,13
224,2005-02-03,12,17,18,19,30,35,13
223,2005-01-27,7,9,19,26,30,32,3
222,2005-01-20,4,14,15,22,29,31,20
221,2005-01-13,8,27,30,31,38,42,13
220,2005-01-06,23,25,26,29,33,37,40
219,2004-12-30,27,28,29,34,35,39,33
218,2004-12-23,8,10,18,22,31,36,4
217,2004-12-16,8,19,23,27,29,39,28
216,2004-12-09,9,21,29,33,35,41,27
215,2004-12-02,1,4,13,18,22,31,30
214,2004-11-25,4,7,9,11,20,36,32
213,2004-11-18,4,7,18,26,29,43,8
212,2004-11-11,1,11,17,32,35,39,20
211,2004-11-04,10,14,23,26,33,36,24
210,2004-10-28,1,6,21,22,37,40,19
209,2004-10-21,8,27,30,35,40,41,9
208,2004-10-14,18,24,29,32,35,39,23
207,2004-10-07,17,21,23,30,31,34,5
206,2004-09-30,1,3,16,22,41,43,13
205,2004-09-23,4,7,9,16,18,34,26
204,2004-09-16,2,17,20,25,39,42,30
203,2004-09-09,12,18,20,27,35,37,39
202,2004-09-02,9,18,26,28,33,40,10
201,2004-08-26,10,13,16,17,24,39,43
200,2004-08-19,4,7,11,19,25,28,2
199,2004-08-12,3,14,24,25,33,36,41
198,2004-08-05,4,5,6,17,20,42,10
197,2004-07-29,9,10,17,22,28,30,19
196,2004-07-22,4,5,11,16,30,33,14
195,2004-07-15,5,10,12,22,26,41,19
194,2004-07-08,4,11,12,21,36,38,37
193,2004-07-01,3,4,18,31,40,43,22
192,2004-06-24,3,7,19,27,39,41,10
191,2004-06-17,4,7,25,27,34,43,35
190,2004-06-10,17,23,30,31,39,43,42
189,2004-06-03,3,32,35,36,39,40,5
188,2004-05-27,3,8,18,25,26,39,38
187,2004-05-20,12,21,22,27,39,40,25
186,2004-05-13,7,16,18,33,36,41,4
185,2004-05-06,8,13,14,18,35,41,33
184,2004-04-29,5,7,23,31,39,42,19
183,2004-04-22,14,29,31,36,38,40,33
182,2004-04-15,22,23,28,37,40,43,30
181,2004-04-08,1,2,7,21,29,30,23
180,2004-04-01,4,10,11,12,20,36,28
179,2004-03-25,3,6,11,13,15,16,23
178,2004-03-18,10,22,27,30,36,39,4
177,2004-03-11,6,18,19,30,36,41,27
176,2004-03-04,8,19,25,31,34,37,30
175,2004-02-26,2,3,10,22,28,40,43
174,2004-02-19,2,9,16,36,38,42,6
173,2004-02-12,6,10,22,30,31,35,18
172,2004-02-05,10,11,22,23,33,34,27
171,2004-01-29,5,6,17,23,32,33,39
170,2004-01-22,10,12,15,17,30,31,6
169,2004-01-15,3,15,17,19,26,36,39
168,2004-01-08,1,6,31,32,36,39,42
167,2003-12-25,10,14,17,19,29,42,2
166,2003-12-18,14,18,20,28,34,38,17
165,2003-12-11,9,11,16,21,25,36,10
164,2003-12-04,1,2,13,14,35,38,32
163,2003-11-27,2,3,11,17,24,34,28
162,2003-11-20,3,22,25,30,33,37,35
161,2003-11-13,23,26,28,33,38,42,8
160,2003-11-06,4,10,20,30,31,32,26
159,2003-10-30,12,23,30,31,38,42,6
158,2003-10-23,1,6,12,35,37,38,30
157,2003-10-16,5,8,17,19,25,27,21
156,2003-10-09,6,20,22,29,30,35,39
155,2003-10-02,5,6,7,18,22,27,41
154,2003-09-25,7,9,18,26,27,38,14
153,2003-09-18,4,7,8,12,25,26,41
152,2003-09-11,4,8,12,16,31,33,17
151,2003-09-04,3,8,17,25,28,32,27
150,2003-08-28,10,11,18,20,31,43,27
149,2003-08-21,8,9,13,20,33,37,19
148,2003-08-14,3,16,18,20,28,29,9
147,2003-08-07,16,18,20,29,30,38,27
146,2003-07-31,7,17,27,36,37,39,4
145,2003-07-24,1,4,10,21,23,38,7
144,2003-07-17,1,16,19,33,38,41,43
143,2003-07-10,17,21,22,27,33,41,43
142,2003-07-03,2,16,22,27,29,39,38
141,2003-06-26,8,9,14,24,32,39,30
140,2003-06-19,17,19,29,37,39,40,10
139,2003-06-12,10,21,22,28,37,41,12
138,2003-06-05,7,9,10,16,23,29,18
137,2003-05-29,10,13,20,22,25,42,14
136,2003-05-22,3,13,26,31,32,39,1
135,2003-05-15,7,13,30,33,35,36,11
134,2003-05-08,2,6,11,14,18,19,21
133,2003-05-01,17,24,26,35,40,41,16
132,2003-04-24,3,18,23,31,32,37,1
131,2003-04-17,6,30,33,34,40,43,1
130,2003-04-10,22,30,31,34,38,39,2
129,2003-04-03,6,18,25,26,30,42,24
128,2003-03-27,6,10,18,20,29,39,21
127,2003-03-20,14,16,21,26,37,40,3
126,2003-03-13,5,6,9,10,21,38,20
125,2003-03-06,11,15,19,30,36,41,10
124,2003-02-27,4,17,23,30,39,40,28
123,2003-02-20,14,21,26,28,29,31,8
122,2003-02-13,19,20,21,25,33,42,41
121,2003-02-06,3,8,10,22,28,41,35
120,2003-01-30,15,18,22,25,36,40,14
119,2003-01-23,3,4,11,12,15,30,17
118,2003-01-16,9,13,21,30,32,37,20
117,2003-01-09,5,7,19,20,38,43,4
116,2002-12-26,8,10,15,16,26,31,42
115,2002-12-19,8,9,11,27,37,39,18
114,2002-12-12,7,13,14,29,38,42,9
113,2002-12-05,3,17,27,29,30,42,6
112,2002-11-28,16,18,23,25,29,30,41
111,2002-11-21,11,15,21,31,32,43,24
110,2002-11-14,5,6,8,19,37,41,9
109,2002-11-07,2,5,12,18,30,41,24
108,2002-10-31,9,22,23,25,34,37,8
107,2002-10-24,4,5,11,12,28,32,37
106,2002-10-17,8,11,21,22,25,27,26
105,2002-10-10,1,9,14,22,25,34,18
104,2002-10-03,1,11,17,26,28,35,12
103,2002-09-26,1,16,17,27,29,34,39
102,2002-09-19,4,5,18,27,35,36,41
101,2002-09-12,21,27,29,30,36,40,23
100,2002-09-05,6,8,11,14,31,33,23
99,2002-08-29,5,9,12,28,29,39,27
98,2002-08-22,7,16,34,37,38,39,8
97,2002-08-15,4,10,17,34,35,42,43
96,2002-08-08,1,13,15,34,36,43,37
95,2002-08-01,2,3,12,15,25,27,33
94,2002-07-25,11,16,17,18,29,40,9
93,2002-07-18,10,23,33,36,37,41,28
92,2002-07-11,5,17,20,24,28,40,16
91,2002-07-04,13,15,17,26,41,43,6
90,2002-06-27,13,15,17,18,30,32,9
89,2002-06-20,3,13,23,30,35,43,21
88,2002-06-13,5,6,8,20,21,26,30
87,2002-06-06,3,8,12,36,39,41,10
86,2002-05-30,3,7,16,24,29,36,26
85,2002-05-23,5,13,18,22,23,32,28
84,2002-05-16,17,19,26,28,35,37,40
83,2002-05-09,1,16,21,28,35,37,30
82,2002-05-02,10,12,19,25,26,39,28
81,2002-04-25,1,11,15,23,26,27,41
80,2002-04-18,1,4,12,16,19,34,18
79,2002-04-11,20,22,27,32,36,43,23
78,2002-04-04,5,14,23,32,33,43,37
77,2002-03-28,5,10,15,28,37,38,13
76,2002-03-21,1,10,12,16,20,35,29
75,2002-03-14,2,4,9,19,23,31,18
74,2002-03-07,3,14,27,28,40,43,39
73,2002-02-28,1,6,15,19,27,36,25
72,2002-02-21,10,12,24,29,33,37,34
71,2002-02-14,1,10,11,13,19,20,3
70,2002-02-07,6,11,20,23,24,31,17
69,2002-01-31,1,9,31,35,40,41,14
68,2002-01-24,16,23,30,35,37,39,38
67,2002-01-17,1,4,6,11,18,25,3
66,2002-01-10,7,15,17,30,33,35,14
65,2001-12-27,2,10,22,23,31,43,28
64,2001-12-20,2,14,19,22,32,41,9
63,2001-12-13,11,16,20,28,34,40,22
62,2001-12-06,2,3,9,12,15,30,42
61,2001-11-29,4,8,22,25,27,28,6
60,2001-11-22,20,21,23,28,30,42,29
59,2001-11-15,9,15,17,30,32,41,31
58,2001-11-08,4,8,9,13,16,25,28
57,2001-11-01,2,14,22,27,35,42,34
56,2001-10-25,10,13,25,31,32,42,40
55,2001-10-18,11,12,13,14,37,39,28
54,2001-10-11,14,25,26,31,37,42,7
53,2001-10-04,2,15,23,37,40,43,25
52,2001-09-27,1,16,24,25,36,42,21
51,2001-09-20,7,15,24,37,38,41,34
50,2001-09-13,5,13,15,25,27,39,40
49,2001-09-06,2,13,21,31,32,41,35
48,2001-08-30,2,5,28,30,33,40,26
47,2001-08-23,3,11,14,25,27,31,22
46,2001-08-16,11,14,21,24,25,42,41
45,2001-08-09,7,9,28,32,36,38,8
44,2001-08-02,3,16,24,31,34,42,36
43,2001-07-26,1,2,3,15,24,26,27
42,2001-07-19,4,15,21,24,33,37,9
41,2001-07-12,18,21,27,33,36,38,23
40,2001-07-05,5,17,25,34,38,39,2
39,2001-06-28,10,18,22,25,39,42,17
38,2001-06-21,2,9,26,27,34,43,42
37,2001-06-14,3,5,9,17,21,41,26
36,2001-06-07,1,16,20,23,30,40,17
35,2001-05-31,3,5,13,30,32,41,28
34,2001-05-24,2,20,25,30,37,40,10
33,2001-05-17,8,17,22,25,29,41,13
32,2001-05-10,3,6,7,23,29,41,33
31,2001-05-03,7,18,22,25,28,43,4
30,2001-04-26,4,16,17,19,26,37,8
29,2001-04-19,8,12,20,35,37,40,33
28,2001-04-12,6,11,15,20,31,41,7
27,2001-04-05,4,8,20,30,33,38,10
26,2001-03-29,3,4,11,12,13,43,22
25,2001-03-22,11,32,34,37,40,43,8
24,2001-03-15,15,18,19,30,36,38,13
23,2001-03-08,7,10,28,32,33,40,13
22,2001-03-01,8,12,16,19,20,35,41
21,2001-02-22,5,7,13,19,38,41,42
20,2001-02-15,7,29,33,35,37,39,19
19,2001-02-08,4,8,12,30,33,43,14
18,2001-02-01,6,16,18,27,36,41,33
17,2001-01-25,14,20,25,34,35,36,11
16,2001-01-18,5,12,13,29,34,35,30
15,2001-01-11,4,6,11,20,21,28,36
14,2001-01-04,2,8,11,35,37,38,43
13,2000-12-28,13,29,31,37,41,42,17
12,2000-12-21,14,17,27,28,35,39,22
11,2000-12-14,12,26,32,37,40,42,16
10,2000-12-07,1,3,19,21,35,39,26
9,2000-11-30,11,19,23,38,39,42,15
8,2000-11-23,11,16,18,20,42,43,28
7,2000-11-16,7,19,21,23,33,35,26
6,2000-11-09,6,12,23,25,28,38,22
5,2000-11-02,9,15,21,23,27,28,43
4,2000-10-26,16,18,26,27,34,40,13
3,2000-10-19,1,5,15,31,36,38,13
2,2000-10-12,1,9,16,20,21,43,5
1,2000-10-05,2,8,10,13,27,30,39
