drawNumber,drawDate,n1,n2,n3,n4,n5,b1
1382,2026-04-14,12,20,24,30,31,25
1381,2026-04-07,2,3,4,20,28,12
1380,2026-03-31,1,10,12,19,21,14
1379,2026-03-24,12,15,18,25,28,06
1378,2026-03-17,04,15,18,30,31,23
1377,2026-03-10,3,13,19,29,31,30
1376,2026-03-03,1,9,11,22,29,3
1375,2026-02-24,1,3,11,16,20,4
1374,2026-02-17,10,16,21,29,30,20
1373,2026-02-10,7,8,21,28,29,26
1372,2026-02-03,4,14,21,24,31,5
1371,2026-01-27,3,10,12,20,31,11
1370,2026-01-20,1,5,12,24,31,21
1369,2026-01-13,1,2,3,5,11,26
1368,2026-01-06,7,8,20,25,26,24
1367,2025-12-30,17,21,27,28,29,2
1366,2025-12-23,3,19,20,21,28,13
1365,2025-12-16,3,10,20,25,27,24
1364,2025-12-09,1,3,10,27,31,19
1363,2025-12-02,6,12,16,19,31,25
1362,2025-11-25,6,12,13,17,26,18
1361,2025-11-18,20,25,26,27,30,13
1360,2025-11-11,4,18,20,24,29,31
1359,2025-11-04,1,3,15,16,20,13
1358,2025-10-28,1,6,22,27,29,28
1357,2025-10-21,7,9,21,25,28,15
1356,2025-10-14,6,7,20,22,24,5
1355,2025-10-07,3,6,10,23,27,15
1354,2025-09-30,11,13,15,16,26,2
1353,2025-09-23,6,11,13,14,18,5
1352,2025-09-16,5,8,10,11,29,27
1351,2025-09-09,4,9,10,19,29,6
1350,2025-09-02,2,3,11,22,28,15
1349,2025-08-26,2,3,15,28,29,20
1348,2025-08-19,4,16,20,26,28,29
1347,2025-08-12,4,16,18,27,31,24
1346,2025-08-05,5,16,20,23,30,2
1345,2025-07-29,3,11,14,30,31,28
1344,2025-07-22,2,5,21,24,28,12
1343,2025-07-15,4,13,22,29,30,9
1342,2025-07-08,1,9,13,19,23,11
1341,2025-07-01,5,12,16,24,28,31
1340,2025-06-24,8,19,22,24,27,25
1339,2025-06-17,6,14,21,23,31,22
1338,2025-06-10,13,18,21,28,31,11
1337,2025-06-03,3,11,17,20,22,14
1336,2025-05-27,3,20,21,24,25,26
1335,2025-05-20,12,17,18,22,31,30
1334,2025-05-13,3,8,21,27,29,16
1333,2025-05-06,7,11,18,25,26,6
1332,2025-04-29,12,16,17,20,25,28
1331,2025-04-22,9,11,13,27,28,16
1330,2025-04-15,1,13,24,25,31,11
1329,2025-04-08,5,6,8,21,30,23
1328,2025-04-01,1,12,15,27,31,18
1327,2025-03-25,4,9,26,27,29,16
1326,2025-03-18,4,9,15,19,26,3
1325,2025-03-11,10,15,22,23,25,13
1324,2025-03-04,5,6,14,20,27,1
1323,2025-02-25,4,9,18,24,25,15
1322,2025-02-18,5,16,18,22,28,6
1321,2025-02-11,1,5,6,24,25,11
1320,2025-02-04,2,3,7,25,28,4
1319,2025-01-28,4,6,16,26,29,31
1318,2025-01-21,5,7,15,24,29,12
1317,2025-01-14,7,22,26,30,31,11
1316,2025-01-07,4,7,10,11,17,23
1315,2024-12-24,6,15,22,29,30,13
1314,2024-12-17,18,20,21,23,30,25
1313,2024-12-10,2,5,9,22,31,15
1312,2024-12-03,10,12,13,21,31,23
1311,2024-11-26,3,11,27,28,31,26
1310,2024-11-19,13,14,19,24,28,3
1309,2024-11-12,6,12,25,27,29,22
1308,2024-11-05,3,8,12,16,22,29
1307,2024-10-29,11,13,16,18,20,19
1306,2024-10-22,5,7,27,28,29,16
1305,2024-10-15,7,12,14,29,30,4
1304,2024-10-08,3,4,6,20,31,2
1303,2024-10-01,7,14,17,30,31,22
1302,2024-09-24,6,11,12,17,24,4
1301,2024-09-17,13,15,25,26,27,17
1300,2024-09-10,1,4,16,27,31,15
1299,2024-09-03,3,4,9,11,18,7
1298,2024-08-27,2,4,12,13,17,29
1297,2024-08-20,1,12,17,21,28,31
1296,2024-08-13,9,13,18,19,21,6
1295,2024-08-06,4,11,12,21,26,28
1294,2024-07-30,8,21,22,27,29,1
1293,2024-07-23,6,8,10,20,28,15
1292,2024-07-16,6,11,21,23,25,27
1291,2024-07-09,1,2,8,11,29,19
1290,2024-07-02,21,26,27,29,31,7
1289,2024-06-25,17,18,21,27,30,3
1288,2024-06-18,4,12,14,16,22,8
1287,2024-06-11,10,12,23,26,30,22
1286,2024-06-04,9,10,12,13,30,25
1285,2024-05-28,4,5,18,23,25,11
1284,2024-05-21,4,11,23,28,31,22
1283,2024-05-14,1,11,25,29,31,3
1282,2024-05-07,2,22,23,30,31,29
1281,2024-04-30,4,10,15,18,24,5
1280,2024-04-23,7,9,14,17,20,13
1279,2024-04-16,1,14,18,22,28,26
1278,2024-04-09,3,10,19,21,31,29
1277,2024-04-02,2,13,18,22,28,30
1276,2024-03-26,4,9,13,16,31,27
1275,2024-03-19,6,11,12,13,14,5
1274,2024-03-12,1,7,8,10,14,18
1273,2024-03-05,7,18,20,22,23,5
1272,2024-02-27,3,7,14,21,30,13
1271,2024-02-20,16,17,19,22,23,24
1270,2024-02-13,2,7,16,19,26,20
1269,2024-02-06,5,10,16,20,21,14
1268,2024-01-30,9,11,14,22,29,31
1267,2024-01-23,13,15,18,20,29,17
1266,2024-01-16,1,16,22,23,31,18
1265,2024-01-09,8,9,11,15,31,17
1264,2023-12-26,2,7,10,22,27,24
1263,2023-12-19,1,2,15,25,28,5
1262,2023-12-12,11,16,18,19,29,31
1261,2023-12-05,19,21,25,29,31,7
1260,2023-11-28,2,4,14,21,29,12
1259,2023-11-21,1,13,17,18,22,25
1258,2023-11-14,3,6,12,19,30,13
1257,2023-11-07,8,13,19,22,24,21
1256,2023-10-31,7,8,14,19,21,23
1255,2023-10-24,2,3,4,17,23,12
1254,2023-10-17,1,5,12,17,28,14
1253,2023-10-10,1,11,17,19,25,28
1252,2023-10-03,1,4,11,25,30,10
1251,2023-09-26,3,4,5,30,31,17
1250,2023-09-19,2,12,13,19,23,27
1249,2023-09-12,7,9,11,14,21,27
1248,2023-09-05,2,4,5,14,25,24
1247,2023-08-29,9,15,23,26,30,19
1246,2023-08-22,16,17,20,21,28,18
1245,2023-08-15,10,11,16,29,30,19
1244,2023-08-08,2,6,9,11,19,22
1243,2023-08-01,2,4,13,15,20,24
1242,2023-07-25,5,7,18,19,27,29
1241,2023-07-18,1,2,3,7,27,11
1240,2023-07-11,13,15,20,27,30,6
1239,2023-07-04,7,9,11,18,30,1
1238,2023-06-27,13,16,19,21,25,29
1237,2023-06-20,2,9,10,25,31,18
1236,2023-06-13,1,18,19,30,31,29
1235,2023-06-06,8,12,17,22,28,5
1234,2023-05-30,4,14,15,27,28,22
1233,2023-05-23,3,8,17,19,23,22
1232,2023-05-16,4,5,17,27,29,6
1231,2023-05-09,1,14,20,21,31,5
1230,2023-05-02,4,18,21,22,23,28
1229,2023-04-25,1,5,7,12,27,26
1228,2023-04-18,1,4,18,19,26,22
1227,2023-04-11,1,5,11,20,26,14
1226,2023-04-04,2,5,13,18,21,4
1225,2023-03-28,1,7,15,29,31,19
1224,2023-03-21,1,5,8,11,22,14
1223,2023-03-14,1,11,21,26,31,25
1222,2023-03-07,4,18,23,26,28,7
1221,2023-02-28,4,11,13,21,26,19
1220,2023-02-21,2,5,11,12,30,16
1219,2023-02-14,9,10,13,21,29,11
1218,2023-02-07,1,3,4,7,11,16
1217,2023-01-31,8,10,14,20,25,30
1216,2023-01-24,10,12,18,25,28,13
1215,2023-01-17,1,2,3,5,20,6
1214,2023-01-10,5,9,10,19,26,2
1213,2022-12-27,17,21,23,25,26,6
1212,2022-12-20,14,19,23,30,31,26
1211,2022-12-13,4,8,16,25,26,12
1210,2022-12-06,14,26,27,30,31,10
1209,2022-11-29,12,14,17,27,28,29
1208,2022-11-22,5,10,15,16,27,26
1207,2022-11-15,2,8,14,25,28,7
1206,2022-11-08,7,9,12,14,30,19
1205,2022-11-01,11,12,16,24,28,20
1204,2022-10-25,5,10,12,18,20,4
1203,2022-10-18,4,7,8,12,19,23
1202,2022-10-11,4,5,15,27,30,12
1201,2022-10-04,1,2,16,23,30,8
1200,2022-09-27,2,16,18,22,24,4
1199,2022-09-20,6,13,19,23,28,10
1198,2022-09-13,10,11,17,30,31,1
1197,2022-09-06,7,9,17,26,27,24
1196,2022-08-30,1,5,17,19,23,26
1195,2022-08-23,3,10,11,13,14,4
1194,2022-08-16,3,5,7,18,20,30
1193,2022-08-09,1,4,8,11,20,15
1192,2022-08-02,4,10,11,22,31,28
1191,2022-07-26,11,16,20,25,26,7
1190,2022-07-19,3,20,23,24,28,29
1189,2022-07-12,6,7,16,17,22,9
1188,2022-07-05,2,25,26,29,31,6
1187,2022-06-28,3,5,6,11,23,16
1186,2022-06-21,9,13,15,24,28,17
1185,2022-06-14,1,14,16,17,22,4
1184,2022-06-07,5,8,12,19,27,15
1183,2022-05-31,3,7,9,14,15,23
1182,2022-05-24,7,10,20,22,28,21
1181,2022-05-17,2,9,13,16,22,15
1180,2022-05-10,13,15,16,26,29,27
1179,2022-05-03,18,19,20,25,30,27
1178,2022-04-26,1,5,9,13,22,31
1177,2022-04-19,3,10,16,21,30,7
1176,2022-04-12,1,12,20,27,29,17
1175,2022-04-05,1,7,15,16,29,2
1174,2022-03-29,5,6,21,29,30,27
1173,2022-03-22,3,4,13,16,27,9
1172,2022-03-15,11,24,26,28,29,22
1171,2022-03-08,1,3,6,16,23,31
1170,2022-03-01,2,16,18,20,28,29
1169,2022-02-22,1,7,9,21,27,13
1168,2022-02-15,5,13,14,24,31,2
1167,2022-02-08,2,14,21,27,30,23
1166,2022-02-01,6,11,14,17,25,24
1165,2022-01-25,5,13,16,27,31,24
1164,2022-01-18,4,9,19,26,31,25
1163,2022-01-11,2,9,11,22,29,3
1162,2022-01-04,2,21,23,24,29,11
1161,2021-12-28,3,9,13,17,24,29
1160,2021-12-21,7,19,22,24,31,21
1159,2021-12-14,11,12,14,18,31,6
1158,2021-12-07,1,14,23,25,26,29
1157,2021-11-30,2,6,7,13,30,17
1156,2021-11-23,1,3,14,27,30,7
1155,2021-11-16,1,9,13,16,19,18
1154,2021-11-09,9,10,12,21,24,27
1153,2021-11-02,17,25,27,29,30,15
1152,2021-10-26,2,12,14,23,27,21
1151,2021-10-19,14,18,21,30,31,9
1150,2021-10-12,1,10,13,27,29,14
1149,2021-10-05,5,12,14,15,20,7
1148,2021-09-28,1,3,6,15,19,10
1147,2021-09-21,6,8,23,27,29,21
1146,2021-09-14,4,5,11,29,30,24
1145,2021-09-07,11,14,20,28,31,12
1144,2021-08-31,4,11,14,21,30,27
1143,2021-08-24,3,4,16,19,27,23
1142,2021-08-17,11,23,25,29,30,18
1141,2021-08-10,9,12,17,18,27,22
1140,2021-08-03,7,11,17,19,28,25
1139,2021-07-27,12,16,17,24,31,22
1138,2021-07-20,14,20,23,28,29,27
1137,2021-07-13,7,8,21,25,31,14
1136,2021-07-06,11,15,20,22,23,4
1135,2021-06-29,7,19,21,23,28,24
1134,2021-06-22,6,13,20,23,28,21
1133,2021-06-15,14,17,23,28,30,7
1132,2021-06-08,3,4,14,15,18,5
1131,2021-06-01,6,8,11,24,29,23
1130,2021-05-25,5,6,8,25,26,11
1129,2021-05-18,5,9,16,29,30,12
1128,2021-05-11,4,7,13,24,30,2
1127,2021-05-04,8,22,24,27,28,16
1126,2021-04-27,6,8,20,30,31,25
1125,2021-04-20,2,6,10,14,21,18
1124,2021-04-13,3,4,6,8,27,12
1123,2021-04-06,7,17,26,28,29,24
1122,2021-03-30,8,9,14,25,28,11
1121,2021-03-23,13,19,21,24,25,16
1120,2021-03-16,2,10,11,17,31,26
1119,2021-03-09,9,10,12,17,18,14
1118,2021-03-02,8,13,16,27,29,11
1117,2021-02-23,4,13,22,27,30,19
1116,2021-02-16,7,24,25,27,29,10
1115,2021-02-09,2,4,6,11,29,20
1114,2021-02-02,7,18,21,25,26,12
1113,2021-01-26,19,20,21,26,27,12
1112,2021-01-19,5,6,8,13,25,29
1111,2021-01-12,2,3,4,13,31,29
1110,2021-01-05,2,7,19,23,28,3
1109,2020-12-29,7,15,17,26,27,8
1108,2020-12-22,6,10,14,17,19,27
1107,2020-12-15,7,10,16,18,29,5
1106,2020-12-08,2,18,21,25,30,19
1105,2020-12-01,4,11,16,21,26,9
1104,2020-11-24,7,16,20,23,28,6
1103,2020-11-17,1,6,7,21,31,18
1102,2020-11-10,8,13,20,26,29,6
1101,2020-11-03,1,8,10,12,29,13
1100,2020-10-27,13,18,19,25,27,16
1099,2020-10-20,1,3,5,14,23,15
1098,2020-10-13,3,13,17,28,31,19
1097,2020-10-06,5,12,18,19,24,16
1096,2020-09-29,1,2,12,20,22,8
1095,2020-09-22,4,10,16,21,24,6
1094,2020-09-15,3,5,8,14,22,21
1093,2020-09-08,2,12,17,23,30,8
1092,2020-09-01,9,13,14,19,22,25
1091,2020-08-25,1,14,25,29,31,30
1090,2020-08-18,4,12,15,22,25,10
1089,2020-08-11,3,13,18,19,22,29
1088,2020-08-04,2,8,14,17,26,4
1087,2020-07-28,1,3,4,9,16,28
1086,2020-07-21,2,18,19,28,30,16
1085,2020-07-14,9,10,16,17,28,13
1084,2020-07-07,11,19,28,29,31,2
1083,2020-06-30,1,3,19,26,29,5
1082,2020-06-23,1,2,14,19,29,5
1081,2020-06-16,2,3,4,24,25,8
1080,2020-06-09,4,5,13,19,21,14
1079,2020-06-02,2,6,14,16,26,4
1078,2020-05-26,3,10,16,17,25,24
1077,2020-05-19,3,17,19,25,31,4
1076,2020-05-12,5,7,11,22,26,15
1075,2020-05-05,4,11,13,16,31,6
1074,2020-04-28,15,18,20,22,27,21
1073,2020-04-21,2,13,21,24,30,14
1072,2020-04-14,3,4,10,12,13,31
1071,2020-04-07,2,3,4,27,31,7
1070,2020-03-31,7,9,11,27,31,21
1069,2020-03-24,1,3,9,14,25,20
1068,2020-03-17,2,3,20,24,31,9
1067,2020-03-10,2,10,13,15,28,26
1066,2020-03-03,15,17,20,22,23,21
1065,2020-02-25,8,11,14,16,31,10
1064,2020-02-18,1,5,8,28,29,7
1063,2020-02-11,10,18,20,26,27,25
1062,2020-02-04,14,18,23,29,31,17
1061,2020-01-28,5,10,19,23,28,9
1060,2020-01-21,19,23,24,28,31,11
1059,2020-01-14,2,11,13,16,18,3
1058,2020-01-07,2,16,19,24,27,20
1057,2020-01-07,9,13,21,23,26,1
1056,2019-12-17,3,12,14,21,25,10
1055,2019-12-10,1,5,18,19,21,9
1054,2019-12-03,2,19,25,26,31,22
1053,2019-11-26,2,3,13,16,23,14
1052,2019-11-19,4,8,9,14,26,5
1051,2019-11-12,7,11,12,21,22,5
1050,2019-11-05,2,15,19,23,28,10
1049,2019-10-29,2,16,21,26,31,27
1048,2019-10-22,1,8,11,19,23,12
1047,2019-10-15,8,12,19,25,26,9
1046,2019-10-08,16,23,24,28,29,12
1045,2019-10-01,3,5,7,10,18,16
1044,2019-09-24,12,19,27,28,30,1
1043,2019-09-17,7,9,23,24,25,30
1042,2019-09-10,11,12,19,23,28,7
1041,2019-09-03,3,9,14,15,27,31
1040,2019-08-27,7,10,13,25,27,30
1039,2019-08-20,4,19,22,24,30,12
1038,2019-08-13,2,5,21,23,30,8
1037,2019-08-06,7,19,23,24,27,17
1036,2019-07-30,7,14,16,23,28,9
1035,2019-07-23,3,8,11,16,31,26
1034,2019-07-16,12,22,27,28,29,10
1033,2019-07-09,2,12,14,24,31,22
1032,2019-07-02,1,9,14,21,26,29
1031,2019-06-25,5,8,17,21,23,15
1030,2019-06-18,21,24,26,27,28,22
1029,2019-06-11,3,4,9,11,29,5
1028,2019-06-04,2,3,8,16,27,17
1027,2019-05-28,5,6,17,21,27,19
1026,2019-05-21,3,14,15,22,26,1
1025,2019-05-14,3,4,13,19,23,18
1024,2019-05-07,4,11,12,23,28,3
1023,2019-04-30,2,12,22,23,26,25
1022,2019-04-23,5,13,24,27,29,22
1021,2019-04-16,13,19,23,25,29,8
1020,2019-04-09,3,12,17,24,30,31
1019,2019-04-02,5,6,16,23,24,3
1018,2019-03-26,13,16,23,27,29,15
1017,2019-03-19,9,16,21,23,24,8
1016,2019-03-12,5,21,23,25,27,22
1015,2019-03-05,3,5,6,20,25,27
1014,2019-02-26,4,17,19,20,25,5
1013,2019-02-19,1,6,11,19,28,8
1012,2019-02-12,1,13,18,26,29,8
1011,2019-02-05,9,16,21,30,31,27
1010,2019-01-29,10,17,20,21,30,15
1009,2019-01-22,2,8,17,23,27,4
1008,2019-01-15,3,4,22,26,27,11
1007,2019-01-08,2,10,11,25,31,17
1006,2018-12-25,10,15,19,23,26,6
1005,2018-12-18,5,13,18,26,31,11
1004,2018-12-11,1,18,22,27,30,20
1003,2018-12-04,11,14,15,22,29,10
1002,2018-11-27,2,9,11,20,27,5
1001,2018-11-20,5,12,16,22,27,18
1000,2018-11-13,3,8,14,18,26,7
999,2018-11-06,6,17,18,20,29,26
998,2018-10-30,1,7,19,20,25,27
997,2018-10-23,1,3,8,11,14,16
996,2018-10-16,9,19,20,22,26,7
995,2018-10-09,1,5,14,21,30,12
994,2018-10-02,7,8,19,27,31,26
993,2018-09-25,1,4,24,29,30,10
992,2018-09-18,1,14,17,20,31,24
991,2018-09-11,1,3,9,15,30,6
990,2018-09-04,3,9,17,23,25,13
989,2018-08-28,2,7,10,16,30,24
988,2018-08-21,1,9,11,14,21,28
987,2018-08-14,6,13,15,17,21,22
986,2018-08-07,1,21,22,25,27,28
985,2018-07-31,5,11,16,17,26,3
984,2018-07-24,2,4,5,16,27,14
983,2018-07-17,6,10,12,15,23,25
982,2018-07-10,5,8,20,22,27,24
981,2018-07-03,10,11,19,28,30,22
980,2018-06-26,8,24,27,30,31,16
979,2018-06-19,1,10,23,25,28,12
978,2018-06-12,1,8,20,26,28,7
977,2018-06-05,9,17,21,22,23,5
976,2018-05-29,2,4,15,16,19,8
975,2018-05-22,10,18,19,28,29,16
974,2018-05-15,10,18,21,24,27,30
973,2018-05-08,1,7,12,13,31,30
972,2018-05-01,13,19,21,22,27,14
971,2018-04-24,7,17,18,20,24,13
970,2018-04-17,2,4,19,27,28,7
969,2018-04-10,1,4,18,24,27,6
968,2018-04-03,1,5,10,20,24,3
967,2018-03-27,4,7,11,14,31,2
966,2018-03-20,1,11,25,26,27,30
965,2018-03-13,7,13,15,19,28,23
964,2018-03-06,16,19,27,28,30,12
963,2018-02-27,4,7,17,21,28,10
962,2018-02-20,3,10,15,18,25,27
961,2018-02-13,2,11,18,20,29,3
960,2018-02-06,2,3,5,16,20,9
959,2018-01-30,2,3,9,14,19,15
958,2018-01-23,3,10,15,17,19,20
957,2018-01-16,2,15,26,29,31,3
956,2018-01-09,6,15,18,22,29,31
955,2017-12-26,9,12,17,21,30,28
954,2017-12-19,11,16,21,23,25,18
953,2017-12-12,4,5,9,22,29,2
952,2017-12-05,4,10,15,16,18,8
951,2017-11-28,3,9,12,26,27,25
950,2017-11-21,5,8,12,14,28,1
949,2017-11-14,1,2,5,6,21,25
948,2017-11-07,3,6,12,13,22,4
947,2017-10-31,3,7,19,24,27,16
946,2017-10-24,5,14,24,28,29,20
945,2017-10-17,14,17,21,25,31,15
944,2017-10-10,5,11,13,16,27,23
943,2017-10-03,4,11,18,28,30,10
942,2017-09-26,2,7,10,22,29,17
941,2017-09-19,3,11,12,15,28,17
940,2017-09-12,4,9,25,27,28,12
939,2017-09-05,8,12,20,23,28,16
938,2017-08-29,4,9,16,21,22,1
937,2017-08-22,5,12,13,15,24,25
936,2017-08-15,7,21,23,25,31,10
935,2017-08-08,3,11,13,20,31,16
934,2017-08-01,3,7,8,11,13,4
933,2017-07-25,3,4,22,26,29,5
932,2017-07-18,1,3,14,17,19,23
931,2017-07-11,2,3,18,24,25,9
930,2017-07-04,9,14,24,25,27,16
929,2017-06-27,2,4,5,11,20,22
928,2017-06-20,4,9,11,19,23,22
927,2017-06-13,1,6,7,17,18,16
926,2017-06-06,3,9,18,27,29,26
925,2017-05-30,9,14,19,27,30,16
924,2017-05-23,2,7,8,14,23,15
923,2017-05-16,8,20,21,22,27,19
922,2017-05-09,2,13,14,21,22,7
921,2017-05-02,6,8,10,14,30,13
920,2017-04-25,5,15,22,24,25,30
919,2017-04-18,4,7,9,15,23,11
918,2017-04-11,16,20,22,27,29,30
917,2017-04-04,1,9,10,24,27,13
916,2017-03-28,17,18,23,28,30,5
915,2017-03-21,14,22,24,26,27,7
914,2017-03-14,2,7,15,19,24,22
913,2017-03-07,2,9,17,21,23,28
912,2017-02-28,9,12,19,21,22,18
911,2017-02-21,2,3,4,13,16,17
910,2017-02-14,10,14,20,26,30,3
909,2017-02-07,3,12,14,20,27,22
908,2017-01-31,18,19,21,23,31,17
907,2017-01-24,3,4,10,22,31,6
906,2017-01-17,2,4,6,7,23,26
905,2017-01-10,4,17,18,22,27,10
904,2016-12-27,3,5,8,17,21,14
903,2016-12-20,2,5,21,24,29,4
902,2016-12-13,6,8,16,22,28,27
901,2016-12-06,2,10,13,23,24,27
900,2016-11-29,1,15,18,22,25,29
899,2016-11-22,1,7,19,20,31,29
898,2016-11-15,5,7,20,24,25,17
897,2016-11-08,16,17,18,23,31,29
896,2016-11-01,11,13,16,17,26,30
895,2016-10-25,7,8,9,11,14,22
894,2016-10-18,11,16,21,23,30,25
893,2016-10-11,11,14,20,22,25,5
892,2016-10-04,2,3,12,19,21,5
891,2016-09-27,10,17,29,30,31,25
890,2016-09-20,1,7,12,24,31,6
889,2016-09-13,5,6,12,17,22,23
888,2016-09-06,6,17,24,29,31,3
887,2016-08-30,3,4,19,28,29,23
886,2016-08-23,1,11,20,23,29,13
885,2016-08-16,9,17,21,24,27,11
884,2016-08-09,7,10,22,27,31,2
883,2016-08-02,1,17,18,21,25,23
882,2016-07-26,2,7,8,18,30,21
881,2016-07-19,10,11,17,29,30,15
880,2016-07-12,5,7,11,12,21,18
879,2016-07-05,2,13,24,27,31,12
878,2016-06-28,2,3,8,28,29,26
877,2016-06-21,5,14,20,22,23,16
876,2016-06-14,18,19,20,21,27,15
875,2016-06-07,2,3,8,11,28,10
874,2016-05-31,6,7,8,22,24,18
873,2016-05-24,4,6,10,23,29,3
872,2016-05-17,15,16,24,28,30,26
871,2016-05-10,4,17,24,27,31,19
870,2016-05-03,3,12,22,23,31,24
869,2016-04-26,2,14,16,19,30,5
868,2016-04-19,1,9,14,25,30,31
867,2016-04-12,13,23,24,28,30,31
866,2016-04-05,4,16,18,26,28,9
865,2016-03-29,3,8,16,17,31,9
864,2016-03-22,14,18,26,28,30,8
863,2016-03-15,1,2,11,27,28,21
862,2016-03-08,3,7,9,13,23,6
861,2016-03-01,4,8,12,17,27,3
860,2016-02-23,8,9,21,30,31,7
859,2016-02-16,13,17,19,28,31,25
858,2016-02-09,6,14,15,25,26,22
857,2016-02-02,2,4,21,24,28,29
856,2016-01-26,1,10,15,24,29,9
855,2016-01-19,2,7,17,22,24,25
854,2016-01-12,3,16,22,23,31,10
853,2016-01-05,6,11,17,18,30,28
852,2015-12-29,2,9,15,18,22,12
851,2015-12-22,10,19,20,24,31,23
850,2015-12-15,1,2,13,15,18,28
849,2015-12-08,4,14,17,19,20,26
848,2015-12-01,2,3,22,29,31,1
847,2015-11-24,7,18,19,21,31,15
846,2015-11-17,1,17,27,30,31,8
845,2015-11-10,3,10,22,24,30,28
844,2015-11-03,3,11,14,22,26,1
843,2015-10-27,2,14,23,28,30,26
842,2015-10-20,9,18,20,24,25,4
841,2015-10-13,5,6,7,13,18,8
840,2015-10-06,1,5,11,15,31,8
839,2015-09-29,2,6,14,27,30,12
838,2015-09-22,4,6,11,12,15,22
837,2015-09-15,4,5,9,24,25,31
836,2015-09-08,5,15,20,28,29,10
835,2015-09-01,1,9,11,23,29,17
834,2015-08-25,5,13,21,25,26,2
833,2015-08-18,6,9,15,24,28,12
832,2015-08-11,9,10,15,19,31,24
831,2015-08-04,7,9,17,19,21,3
830,2015-07-28,5,6,20,23,29,15
829,2015-07-21,8,12,19,23,31,6
828,2015-07-14,2,8,11,15,26,3
827,2015-07-07,3,4,6,23,31,10
826,2015-06-30,1,8,21,23,27,22
825,2015-06-23,3,8,12,21,26,19
824,2015-06-16,4,16,22,28,29,10
823,2015-06-09,6,10,14,18,23,9
822,2015-06-02,7,8,10,17,28,4
821,2015-05-26,6,8,18,21,23,30
820,2015-05-19,8,12,20,21,31,19
819,2015-05-12,2,9,14,15,24,13
818,2015-05-05,5,9,14,16,18,3
817,2015-04-28,1,10,23,27,29,18
816,2015-04-21,1,5,7,14,18,12
815,2015-04-14,20,21,26,27,28,3
814,2015-04-07,2,3,12,25,31,28
813,2015-03-31,3,6,9,14,15,17
812,2015-03-24,2,16,17,22,25,13
811,2015-03-17,8,9,10,13,21,18
810,2015-03-10,6,12,15,16,31,17
809,2015-03-03,2,8,11,13,25,1
808,2015-02-24,8,9,26,27,30,3
807,2015-02-17,5,7,13,17,19,3
806,2015-02-10,3,11,21,23,28,24
805,2015-02-03,8,9,11,17,30,3
804,2015-01-27,7,8,9,12,29,26
803,2015-01-20,2,4,18,19,27,23
802,2015-01-13,5,9,21,29,31,6
801,2015-01-06,5,7,20,22,25,17
800,2014-12-30,1,19,20,22,25,2
799,2014-12-23,1,2,17,19,26,24
798,2014-12-16,3,8,10,23,27,12
797,2014-12-09,8,9,29,30,31,18
796,2014-12-02,3,10,19,21,30,7
795,2014-11-25,2,6,11,14,18,1
794,2014-11-18,3,4,8,10,31,7
793,2014-11-11,6,10,18,20,31,24
792,2014-11-04,12,13,15,18,22,28
791,2014-10-28,6,16,18,30,31,10
790,2014-10-21,11,13,15,19,21,7
789,2014-10-14,4,5,11,16,31,19
788,2014-10-07,1,21,28,29,30,15
787,2014-09-30,11,15,22,26,31,7
786,2014-09-23,5,6,21,28,29,7
785,2014-09-16,7,21,22,26,28,5
784,2014-09-09,14,19,21,25,29,8
783,2014-09-02,4,5,10,15,20,8
782,2014-08-26,4,7,9,14,21,26
781,2014-08-19,2,7,10,21,24,4
780,2014-08-12,13,15,16,18,20,7
779,2014-08-05,1,8,9,10,13,18
778,2014-07-29,10,13,14,26,30,18
777,2014-07-22,4,10,20,22,24,21
776,2014-07-15,6,14,15,18,31,25
775,2014-07-08,5,6,14,24,31,15
774,2014-07-01,5,6,9,20,30,31
773,2014-06-24,1,2,6,11,26,17
772,2014-06-17,11,14,15,21,27,24
771,2014-06-10,7,11,22,26,30,27
770,2014-06-03,12,18,19,22,30,20
769,2014-05-27,3,11,15,22,24,29
768,2014-05-20,2,3,23,24,27,10
767,2014-05-13,6,8,10,25,31,27
766,2014-05-06,5,8,12,16,28,13
765,2014-04-29,16,19,20,22,31,26
764,2014-04-22,1,2,7,10,11,16
763,2014-04-15,3,5,12,14,18,8
762,2014-04-08,2,3,8,10,29,31
761,2014-04-01,7,14,16,21,31,17
760,2014-03-25,1,7,14,25,30,8
759,2014-03-18,8,18,23,24,30,4
758,2014-03-11,8,14,19,22,24,26
757,2014-03-04,12,15,21,25,27,22
756,2014-02-25,5,8,9,27,30,11
755,2014-02-18,20,21,22,25,27,14
754,2014-02-11,11,12,24,25,30,31
753,2014-02-04,2,10,20,23,24,26
752,2014-01-28,11,23,26,27,31,24
751,2014-01-21,7,15,18,19,30,8
750,2014-01-14,2,5,9,13,19,24
749,2014-01-07,1,11,14,16,30,25
748,2013-12-24,2,6,7,11,15,4
747,2013-12-17,1,12,23,29,30,9
746,2013-12-10,2,10,15,18,20,13
745,2013-12-03,3,10,13,14,22,15
744,2013-11-26,2,4,5,14,24,19
743,2013-11-19,4,15,18,20,30,5
742,2013-11-12,3,5,16,26,31,1
741,2013-11-05,6,11,12,15,25,10
740,2013-10-29,2,4,19,25,28,11
739,2013-10-22,1,4,19,24,31,18
738,2013-10-15,7,11,14,23,29,19
737,2013-10-08,5,12,18,19,23,16
736,2013-10-01,2,14,17,20,27,9
735,2013-09-24,3,14,16,23,30,7
734,2013-09-17,6,8,10,12,13,31
733,2013-09-10,5,9,11,18,20,31
732,2013-09-03,4,6,16,29,31,9
731,2013-08-27,7,9,18,28,30,11
730,2013-08-20,3,5,7,14,22,4
729,2013-08-13,13,16,17,20,29,11
728,2013-08-06,1,9,11,13,28,16
727,2013-07-30,4,7,14,16,24,27
726,2013-07-23,1,2,16,18,25,7
725,2013-07-16,6,11,26,28,30,19
724,2013-07-09,7,14,17,22,29,1
723,2013-07-02,4,7,9,25,31,18
722,2013-06-25,4,6,17,21,30,9
721,2013-06-18,3,5,12,15,22,2
720,2013-06-11,5,11,17,19,20,15
719,2013-06-04,2,9,18,22,27,16
718,2013-05-28,2,11,16,19,24,23
717,2013-05-21,3,5,14,23,26,1
716,2013-05-14,13,18,19,20,24,17
715,2013-05-07,2,3,5,9,22,18
714,2013-04-30,6,10,20,22,31,1
713,2013-04-23,4,13,22,28,31,16
712,2013-04-16,3,7,18,27,31,1
711,2013-04-09,3,5,10,17,25,22
710,2013-04-02,2,15,18,25,26,20
709,2013-03-26,2,5,16,17,18,30
708,2013-03-19,10,11,20,28,29,1
707,2013-03-12,2,11,23,27,29,3
706,2013-03-05,4,6,15,16,29,27
705,2013-02-26,8,16,18,21,22,27
704,2013-02-19,2,11,21,24,25,23
703,2013-02-12,3,10,16,28,31,15
702,2013-02-05,10,12,13,20,23,4
701,2013-01-29,4,8,13,15,26,3
700,2013-01-22,6,8,9,21,26,4
699,2013-01-15,6,12,21,24,28,15
698,2013-01-08,2,3,5,14,24,9
697,2012-12-25,5,7,17,25,27,18
696,2012-12-18,5,9,15,19,30,6
695,2012-12-11,4,19,20,27,28,14
694,2012-12-04,5,12,15,16,20,6
693,2012-11-27,5,17,21,24,25,3
692,2012-11-20,9,13,14,23,31,20
691,2012-11-13,3,9,10,20,25,31
690,2012-11-06,11,16,22,23,25,9
689,2012-10-30,12,13,19,23,25,28
688,2012-10-23,4,5,9,15,26,11
687,2012-10-16,2,9,17,24,29,22
686,2012-10-09,3,5,7,10,18,6
685,2012-10-02,8,11,19,21,30,1
684,2012-09-25,10,12,13,19,25,7
683,2012-09-18,1,7,15,23,26,11
682,2012-09-11,4,8,20,25,27,30
681,2012-09-04,6,12,17,19,30,9
680,2012-08-28,2,3,11,15,24,23
679,2012-08-21,5,11,23,29,31,28
678,2012-08-14,15,17,21,24,25,20
677,2012-08-07,10,16,23,24,30,18
676,2012-07-31,4,6,18,22,28,1
675,2012-07-24,6,21,27,28,31,20
674,2012-07-17,1,2,3,24,25,15
673,2012-07-10,6,12,21,24,25,22
672,2012-07-03,3,8,20,22,28,5
671,2012-06-26,7,14,19,22,27,28
670,2012-06-19,4,6,26,27,29,30
669,2012-06-12,4,7,8,25,31,14
668,2012-06-05,7,9,16,27,29,30
667,2012-05-29,8,9,19,26,31,28
666,2012-05-22,10,11,17,24,29,26
665,2012-05-15,7,12,17,20,28,9
664,2012-05-08,6,9,11,16,29,4
663,2012-05-01,1,9,10,21,31,23
662,2012-04-24,7,9,15,28,31,26
661,2012-04-17,2,6,9,19,20,27
660,2012-04-10,7,12,15,30,31,18
659,2012-04-03,5,9,22,30,31,3
658,2012-03-27,7,8,11,15,26,1
657,2012-03-20,9,14,18,23,30,10
656,2012-03-13,4,10,15,22,23,7
655,2012-03-06,7,9,12,14,18,24
654,2012-02-28,6,11,22,25,27,2
653,2012-02-21,11,16,20,22,30,21
652,2012-02-14,2,5,19,28,29,23
651,2012-02-07,8,11,15,20,31,18
650,2012-01-31,4,11,18,24,26,13
649,2012-01-24,3,11,18,19,21,12
648,2012-01-17,6,13,18,19,21,26
647,2012-01-10,3,6,7,10,21,18
646,2011-12-27,3,6,16,30,31,17
645,2011-12-20,8,13,18,19,24,11
644,2011-12-13,5,13,15,20,27,30
643,2011-12-06,9,11,17,19,22,6
642,2011-11-29,9,22,26,27,31,28
641,2011-11-22,5,11,14,17,22,15
640,2011-11-15,6,15,18,28,31,8
639,2011-11-08,6,14,20,29,31,22
638,2011-11-01,1,16,18,27,30,15
637,2011-10-25,1,5,10,15,21,11
636,2011-10-18,8,13,21,26,30,3
635,2011-10-11,12,13,16,20,29,11
634,2011-10-04,6,14,24,27,31,22
633,2011-09-27,2,12,19,20,30,13
632,2011-09-20,6,14,15,25,26,13
631,2011-09-13,3,15,18,20,25,29
630,2011-09-06,3,4,16,19,31,14
629,2011-08-30,1,3,16,26,29,31
628,2011-08-23,1,2,10,17,20,18
627,2011-08-16,6,10,14,15,20,19
626,2011-08-09,11,12,14,17,26,23
625,2011-08-02,19,20,23,26,31,6
624,2011-07-26,5,7,11,12,24,4
623,2011-07-19,4,9,14,15,26,29
622,2011-07-12,13,14,20,25,27,19
621,2011-07-05,6,12,18,24,30,9
620,2011-06-28,2,14,21,25,31,5
619,2011-06-21,4,7,14,20,30,28
618,2011-06-14,10,12,14,22,31,23
617,2011-06-07,3,9,16,19,28,25
616,2011-05-31,7,18,21,27,28,10
615,2011-05-24,4,12,13,19,20,10
614,2011-05-17,7,16,23,25,30,11
613,2011-05-10,2,16,17,20,28,14
612,2011-05-03,11,18,24,27,30,4
611,2011-04-26,12,18,21,25,30,17
610,2011-04-19,3,8,14,17,30,19
609,2011-04-12,3,14,21,26,30,25
608,2011-04-05,13,19,21,25,29,15
607,2011-03-29,7,8,12,18,30,17
606,2011-03-22,9,20,23,30,31,1
605,2011-03-15,5,6,13,19,28,17
604,2011-03-08,2,11,13,22,25,5
603,2011-03-01,4,5,26,28,30,15
602,2011-02-22,3,14,18,22,25,27
601,2011-02-15,10,14,15,16,24,28
600,2011-02-08,1,2,3,4,22,13
599,2011-02-01,3,7,10,11,29,25
598,2011-01-25,4,15,21,26,30,1
597,2011-01-18,2,13,16,17,19,29
596,2011-01-11,6,9,10,14,27,31
595,2011-01-04,7,11,15,20,23,3
594,2010-12-28,2,5,10,22,30,12
593,2010-12-21,11,14,22,28,29,25
592,2010-12-14,5,6,23,25,26,14
591,2010-12-07,4,8,9,13,19,12
590,2010-11-30,4,7,11,17,19,14
589,2010-11-23,3,10,13,22,26,12
588,2010-11-16,4,11,18,26,31,13
587,2010-11-09,11,17,19,29,30,1
586,2010-11-02,1,5,6,10,15,2
585,2010-10-26,14,19,23,24,31,29
584,2010-10-19,6,9,11,14,22,29
583,2010-10-12,1,3,10,11,16,24
582,2010-10-05,3,14,22,24,30,10
581,2010-09-28,2,6,12,14,30,3
580,2010-09-21,1,4,14,15,26,18
579,2010-09-14,1,4,15,17,23,8
578,2010-09-07,5,11,16,19,30,18
577,2010-08-31,5,10,21,24,25,13
576,2010-08-24,6,8,10,21,23,18
575,2010-08-17,10,16,20,21,27,24
574,2010-08-10,3,7,8,13,15,25
573,2010-08-03,15,21,22,23,29,5
572,2010-07-27,1,6,18,23,29,21
571,2010-07-20,9,22,27,28,29,26
570,2010-07-13,1,2,5,6,10,8
569,2010-07-06,10,17,23,26,28,5
568,2010-06-29,8,12,16,24,30,23
567,2010-06-22,10,12,20,24,25,17
566,2010-06-15,3,8,23,28,30,31
565,2010-06-08,18,19,20,28,29,13
564,2010-06-01,9,17,19,22,29,6
563,2010-05-25,4,5,18,19,30,1
562,2010-05-18,2,7,12,15,17,23
561,2010-05-11,1,5,6,16,25,18
560,2010-05-04,11,13,17,29,30,5
559,2010-04-27,2,4,7,11,16,25
558,2010-04-20,4,10,16,22,30,27
557,2010-04-13,8,18,21,22,28,31
556,2010-04-06,4,6,16,17,24,26
555,2010-03-30,1,15,18,24,29,23
554,2010-03-23,2,6,23,24,28,9
553,2010-03-16,2,13,23,24,30,15
552,2010-03-09,7,11,14,17,28,29
551,2010-03-02,1,2,10,24,31,28
550,2010-02-23,8,16,22,28,31,3
549,2010-02-16,10,12,19,24,25,14
548,2010-02-09,5,6,16,23,29,31
547,2010-02-02,5,23,25,29,31,28
546,2010-01-26,3,8,19,22,29,20
545,2010-01-19,1,15,23,28,29,2
544,2010-01-12,3,9,18,29,30,28
543,2010-01-05,4,7,17,22,25,30
542,2009-12-29,3,9,11,20,27,21
541,2009-12-22,1,9,10,16,23,30
540,2009-12-15,2,19,22,27,29,6
539,2009-12-08,9,18,23,26,29,5
538,2009-12-01,8,10,13,20,21,31
537,2009-11-24,9,10,27,29,30,5
536,2009-11-17,14,18,20,22,24,19
535,2009-11-10,18,20,23,24,31,7
534,2009-11-03,7,22,25,26,30,4
533,2009-10-27,6,13,19,23,31,20
532,2009-10-20,5,10,21,27,28,18
531,2009-10-13,13,21,22,26,27,19
530,2009-10-06,2,3,5,16,19,10
529,2009-09-29,5,7,14,16,20,15
528,2009-09-22,2,11,14,15,21,8
527,2009-09-15,11,13,15,23,25,4
526,2009-09-08,4,5,16,21,31,26
525,2009-09-01,1,14,21,25,27,6
524,2009-08-25,7,10,17,22,24,12
523,2009-08-18,8,17,18,19,24,10
522,2009-08-11,4,19,22,23,27,31
521,2009-08-04,4,9,14,25,26,15
520,2009-07-28,2,3,11,14,30,8
519,2009-07-21,2,9,25,29,31,4
518,2009-07-14,11,16,18,20,27,23
517,2009-07-07,12,26,28,29,30,5
516,2009-06-30,3,12,14,15,26,5
515,2009-06-23,5,21,24,25,26,31
514,2009-06-16,15,16,21,25,30,14
513,2009-06-09,3,11,18,19,25,8
512,2009-06-02,8,14,25,29,30,7
511,2009-05-26,13,16,26,28,31,11
510,2009-05-19,18,19,21,23,30,25
509,2009-05-12,2,13,22,29,30,8
508,2009-05-05,3,6,9,14,25,1
507,2009-04-28,10,19,26,27,28,2
506,2009-04-21,4,14,15,23,24,11
505,2009-04-14,5,16,19,20,22,28
504,2009-04-07,8,10,24,28,31,9
503,2009-03-31,11,18,21,23,27,3
502,2009-03-24,2,3,5,13,14,1
501,2009-03-17,12,13,16,17,21,22
500,2009-03-10,19,20,23,25,28,5
499,2009-03-03,2,8,14,15,26,31
498,2009-02-24,2,15,20,23,30,3
497,2009-02-17,4,21,23,27,28,26
496,2009-02-10,4,10,11,22,30,9
495,2009-02-03,7,10,22,26,27,5
494,2009-01-27,2,10,14,26,28,18
493,2009-01-20,1,11,12,13,17,26
492,2009-01-13,3,8,9,11,20,18
491,2009-01-06,8,10,16,20,23,6
490,2008-12-30,7,9,13,21,24,11
489,2008-12-23,2,4,9,22,31,17
488,2008-12-16,10,15,17,23,29,24
487,2008-12-09,15,17,20,22,29,16
486,2008-12-02,5,8,20,22,26,19
485,2008-11-25,3,8,10,15,31,18
484,2008-11-18,1,3,4,19,29,27
483,2008-11-11,7,20,23,27,29,25
482,2008-11-04,2,16,20,24,29,5
481,2008-10-28,3,7,13,16,25,31
480,2008-10-21,5,7,18,25,31,23
479,2008-10-14,14,22,26,27,29,21
478,2008-10-07,3,17,18,22,25,5
477,2008-09-30,1,4,13,20,28,31
476,2008-09-23,3,10,12,20,24,13
475,2008-09-16,8,9,12,14,24,30
474,2008-09-09,5,12,14,18,23,11
473,2008-09-02,4,5,18,20,26,3
472,2008-08-26,4,15,17,20,21,3
471,2008-08-19,13,17,20,23,30,28
470,2008-08-12,11,15,22,30,31,14
469,2008-08-05,5,9,12,16,19,3
468,2008-07-29,7,8,13,24,27,10
467,2008-07-22,1,2,13,15,23,26
466,2008-07-15,15,16,19,20,29,17
465,2008-07-08,13,18,21,25,28,7
464,2008-07-01,1,12,16,22,28,15
463,2008-06-24,12,13,16,21,23,18
462,2008-06-17,4,19,22,25,29,27
461,2008-06-10,6,12,17,20,26,11
460,2008-06-03,10,11,25,27,30,4
459,2008-05-27,12,13,26,27,29,2
458,2008-05-20,6,8,15,24,31,1
457,2008-05-13,2,16,17,22,28,11
456,2008-05-06,6,8,10,16,20,2
455,2008-04-29,1,10,16,24,26,9
454,2008-04-22,2,5,13,20,24,12
453,2008-04-15,4,7,12,17,27,24
452,2008-04-08,2,12,16,18,30,20
451,2008-04-01,3,7,12,14,16,31
450,2008-03-25,2,5,8,13,27,26
449,2008-03-18,7,8,10,11,20,12
448,2008-03-11,1,7,12,17,18,25
447,2008-03-04,14,17,20,25,26,8
446,2008-02-26,10,11,15,16,17,4
445,2008-02-19,7,16,18,26,31,25
444,2008-02-12,1,11,17,30,31,13
443,2008-02-05,5,17,22,23,30,20
442,2008-01-29,5,8,19,24,30,17
441,2008-01-22,6,8,19,28,30,17
440,2008-01-15,5,12,13,21,30,28
439,2008-01-08,10,17,19,21,23,16
438,2007-12-25,1,2,10,13,21,16
437,2007-12-18,9,13,15,28,31,12
436,2007-12-11,7,8,18,21,24,17
435,2007-12-04,8,19,22,25,27,6
434,2007-11-27,1,6,10,11,22,18
433,2007-11-20,1,12,17,20,27,14
432,2007-11-13,3,9,14,22,25,12
431,2007-11-06,3,12,14,24,25,2
430,2007-10-30,3,7,16,18,21,27
429,2007-10-23,11,18,22,26,30,20
428,2007-10-16,11,20,24,27,29,21
427,2007-10-09,9,14,19,20,26,16
426,2007-10-02,3,15,17,21,26,29
425,2007-09-25,4,10,20,25,28,6
424,2007-09-18,3,4,8,11,31,24
423,2007-09-11,8,14,16,24,31,7
422,2007-09-04,10,12,15,21,27,24
421,2007-08-28,11,14,24,28,29,16
420,2007-08-21,2,10,13,23,27,18
419,2007-08-14,5,12,19,20,27,28
418,2007-08-07,13,16,22,27,30,4
417,2007-07-31,3,9,12,23,24,22
416,2007-07-24,4,6,13,15,22,7
415,2007-07-17,11,16,24,28,30,22
414,2007-07-10,5,7,10,20,27,21
413,2007-07-03,8,14,21,23,29,17
412,2007-06-26,1,5,6,9,23,16
411,2007-06-19,5,8,12,19,22,11
410,2007-06-12,3,10,19,20,31,15
409,2007-06-05,2,11,19,27,28,5
408,2007-05-29,7,12,22,26,30,4
407,2007-05-22,5,15,21,22,31,10
406,2007-05-15,5,13,19,28,29,1
405,2007-05-08,8,9,13,27,31,17
404,2007-05-01,1,8,11,26,28,24
403,2007-04-24,2,5,16,30,31,18
402,2007-04-17,10,20,22,24,27,8
401,2007-04-10,11,13,18,26,30,6
400,2007-04-03,12,20,22,24,25,26
399,2007-03-27,7,13,23,27,31,8
398,2007-03-20,10,17,25,27,31,26
397,2007-03-13,1,14,17,24,25,29
396,2007-03-06,1,6,21,25,28,22
395,2007-02-27,6,21,22,23,31,3
394,2007-02-20,2,5,21,27,31,25
393,2007-02-13,15,17,18,22,30,11
392,2007-02-06,3,13,15,25,30,26
391,2007-01-30,1,10,15,30,31,21
390,2007-01-23,11,14,23,29,30,20
389,2007-01-16,8,11,13,27,30,6
388,2007-01-09,4,8,19,27,31,11
387,2006-12-26,16,26,28,29,30,11
386,2006-12-19,1,3,5,7,23,14
385,2006-12-12,6,14,20,24,27,3
384,2006-12-05,4,9,15,25,29,5
383,2006-11-28,4,7,9,17,31,12
382,2006-11-21,7,9,11,14,23,19
381,2006-11-14,3,9,19,22,23,21
380,2006-11-07,2,11,12,17,31,15
379,2006-10-31,2,8,15,19,28,26
378,2006-10-24,6,8,15,21,24,5
377,2006-10-17,1,12,20,21,30,6
376,2006-10-10,7,13,21,25,28,2
375,2006-10-03,1,10,20,23,24,16
374,2006-09-26,9,17,27,28,29,8
373,2006-09-19,3,5,11,12,29,22
372,2006-09-12,1,5,22,25,30,12
371,2006-09-05,10,12,19,23,31,27
370,2006-08-29,10,12,16,26,28,21
369,2006-08-22,4,10,23,29,30,31
368,2006-08-15,1,8,17,28,29,6
367,2006-08-08,4,6,14,19,31,9
366,2006-08-01,2,11,14,19,30,3
365,2006-07-25,6,10,18,27,28,14
364,2006-07-18,5,9,13,20,23,18
363,2006-07-11,4,10,12,17,22,16
362,2006-07-04,4,17,19,20,31,7
361,2006-06-27,2,4,6,12,30,5
360,2006-06-20,6,11,20,27,28,5
359,2006-06-13,3,11,15,18,19,22
358,2006-06-06,4,13,18,27,31,23
357,2006-05-30,15,24,26,28,29,16
356,2006-05-23,6,11,17,19,22,21
355,2006-05-16,8,9,24,27,29,31
354,2006-05-09,3,6,17,19,30,1
353,2006-05-02,3,13,14,17,25,18
352,2006-04-25,5,7,14,17,30,29
351,2006-04-18,3,6,11,12,27,26
350,2006-04-11,3,9,22,24,28,27
349,2006-04-04,3,5,6,7,12,18
348,2006-03-28,8,9,11,12,18,23
347,2006-03-21,10,11,20,23,27,13
346,2006-03-14,4,14,18,26,31,3
345,2006-03-07,7,14,16,17,29,18
344,2006-02-28,4,9,13,21,23,31
343,2006-02-21,6,10,15,27,30,8
342,2006-02-14,2,15,24,25,27,9
341,2006-02-07,2,5,17,18,26,3
340,2006-01-31,10,14,18,23,25,31
339,2006-01-24,4,9,11,15,23,26
338,2006-01-17,1,3,19,21,27,9
337,2006-01-10,4,7,21,22,23,15
336,2005-12-27,10,14,20,27,28,8
335,2005-12-20,14,16,23,25,31,22
334,2005-12-13,7,12,22,23,25,13
333,2005-12-06,19,21,22,26,28,24
332,2005-11-29,4,9,24,28,29,25
331,2005-11-22,6,19,21,29,30,24
330,2005-11-15,3,13,15,19,24,8
329,2005-11-08,5,14,15,17,29,10
328,2005-11-01,1,2,11,12,18,8
327,2005-10-25,8,14,19,25,28,16
326,2005-10-18,1,3,6,11,25,12
325,2005-10-11,8,11,13,15,28,22
324,2005-10-04,5,6,13,29,30,17
323,2005-09-27,5,15,19,22,27,29
322,2005-09-20,5,8,10,28,31,2
321,2005-09-13,2,11,18,21,27,15
320,2005-09-06,6,7,13,28,30,12
319,2005-08-30,3,20,21,22,27,9
318,2005-08-23,9,18,19,30,31,16
317,2005-08-16,8,10,11,22,23,12
316,2005-08-09,24,25,28,29,30,27
315,2005-08-02,7,11,15,28,31,14
314,2005-07-26,2,7,16,18,20,28
313,2005-07-19,1,7,26,27,31,30
312,2005-07-12,7,12,17,18,21,11
311,2005-07-05,2,17,19,28,29,10
310,2005-06-28,6,14,17,24,25,11
309,2005-06-21,8,14,17,22,23,1
308,2005-06-14,1,13,17,22,27,16
307,2005-06-07,2,10,15,21,28,12
306,2005-05-31,17,20,23,24,31,11
305,2005-05-24,10,11,13,16,24,22
304,2005-05-17,3,10,11,14,20,17
303,2005-05-10,13,14,16,19,25,1
302,2005-05-03,6,7,9,14,20,22
301,2005-04-26,5,11,16,26,31,12
300,2005-04-19,10,13,16,22,28,7
299,2005-04-12,2,9,15,26,31,11
298,2005-04-05,8,10,12,15,22,16
297,2005-03-29,5,9,18,25,30,31
296,2005-03-22,8,14,18,24,29,19
295,2005-03-15,8,14,16,17,26,5
294,2005-03-08,14,23,26,29,31,28
293,2005-03-01,14,15,16,24,25,12
292,2005-02-22,2,7,13,25,31,17
291,2005-02-15,4,8,21,23,26,22
290,2005-02-08,3,8,11,23,30,5
289,2005-02-01,5,6,11,24,28,18
288,2005-01-25,6,16,21,29,31,18
287,2005-01-18,2,7,14,19,21,1
286,2005-01-11,14,15,20,22,30,2
285,2005-01-04,8,17,19,24,26,16
284,2004-12-28,1,5,8,11,18,30
283,2004-12-21,11,15,19,20,29,1
282,2004-12-14,1,2,18,27,29,13
281,2004-12-07,5,7,11,13,21,27
280,2004-11-30,4,9,13,15,19,12
279,2004-11-23,2,7,19,23,25,11
278,2004-11-16,8,12,13,14,24,16
277,2004-11-09,4,14,16,19,22,10
276,2004-11-02,12,16,19,20,23,11
275,2004-10-26,11,16,17,21,22,19
274,2004-10-19,7,8,9,16,25,12
273,2004-10-12,3,5,7,11,17,23
272,2004-10-05,4,16,21,28,29,9
271,2004-09-28,6,13,15,24,31,20
270,2004-09-21,9,10,11,14,19,21
269,2004-09-14,3,7,20,23,29,16
268,2004-09-07,17,18,20,27,31,13
267,2004-08-31,8,14,15,19,25,31
266,2004-08-24,3,8,25,28,31,6
265,2004-08-17,1,3,24,26,28,21
264,2004-08-10,2,4,7,25,30,15
263,2004-08-03,15,25,28,30,31,2
262,2004-07-27,5,19,23,27,28,2
261,2004-07-20,2,3,5,14,29,18
260,2004-07-13,6,7,17,19,23,28
259,2004-07-06,5,7,11,12,23,17
258,2004-06-29,4,6,9,19,22,5
257,2004-06-22,2,9,12,20,31,10
256,2004-06-15,5,9,15,16,27,28
255,2004-06-08,12,17,20,27,29,18
254,2004-06-01,3,7,22,25,29,27
253,2004-05-25,1,3,10,21,25,29
252,2004-05-18,12,18,24,27,31,22
251,2004-05-11,1,3,19,20,23,28
250,2004-05-04,1,3,11,12,31,22
249,2004-04-27,9,11,12,18,20,7
248,2004-04-20,4,13,16,24,29,12
247,2004-04-13,7,11,19,27,31,2
246,2004-04-06,1,12,15,20,23,4
245,2004-03-30,1,10,14,21,28,23
244,2004-03-23,6,11,21,22,25,15
243,2004-03-16,4,11,15,27,28,1
242,2004-03-09,5,12,23,27,31,14
241,2004-03-02,1,2,4,13,26,7
240,2004-02-24,2,6,14,28,29,11
239,2004-02-17,16,18,21,23,27,31
238,2004-02-10,13,15,17,22,25,26
237,2004-02-03,6,8,17,18,28,20
236,2004-01-27,14,17,23,24,29,3
235,2004-01-20,5,6,16,17,31,8
234,2004-01-13,16,18,22,23,26,2
233,2004-01-06,8,14,19,21,29,25
232,2003-12-30,3,12,20,24,26,31
231,2003-12-23,3,4,10,11,24,28
230,2003-12-16,4,16,17,25,26,19
229,2003-12-09,12,19,23,24,30,6
228,2003-12-02,10,17,21,24,27,2
227,2003-11-25,2,4,7,21,30,20
226,2003-11-18,4,12,14,26,30,28
225,2003-11-11,13,14,18,24,26,16
224,2003-11-04,12,16,27,30,31,14
223,2003-10-28,4,10,16,19,22,21
222,2003-10-21,10,18,21,26,28,9
221,2003-10-14,4,8,14,22,26,9
220,2003-10-07,9,10,11,21,29,5
219,2003-09-30,1,15,17,21,28,6
218,2003-09-23,9,16,24,25,29,23
217,2003-09-16,2,8,17,19,23,21
216,2003-09-09,3,7,13,16,17,2
215,2003-09-02,4,15,20,21,28,16
214,2003-08-26,2,8,16,18,28,12
213,2003-08-19,1,2,3,9,29,27
212,2003-08-12,1,5,10,14,30,26
211,2003-08-05,9,10,13,18,22,15
210,2003-07-29,9,10,18,19,29,21
209,2003-07-22,7,17,23,27,29,12
208,2003-07-15,6,10,13,16,17,29
207,2003-07-08,3,4,10,16,25,7
206,2003-07-01,6,8,12,27,31,24
205,2003-06-24,3,4,13,14,23,12
204,2003-06-17,7,18,22,24,29,9
203,2003-06-10,4,10,18,22,25,20
202,2003-06-03,6,10,11,18,31,25
201,2003-05-27,3,5,23,25,26,17
200,2003-05-20,1,4,12,13,18,25
199,2003-05-13,1,9,21,26,29,25
198,2003-05-06,13,20,21,25,28,14
197,2003-04-29,8,18,20,21,31,1
196,2003-04-22,2,4,14,21,22,16
195,2003-04-15,1,2,6,15,23,21
194,2003-04-08,3,6,15,17,23,1
193,2003-04-01,6,8,18,20,22,11
192,2003-03-25,6,7,10,11,17,3
191,2003-03-18,1,6,8,12,13,2
190,2003-03-11,4,5,21,27,29,2
189,2003-03-04,9,16,22,25,26,3
188,2003-02-25,7,16,24,25,28,30
187,2003-02-18,4,6,17,24,25,1
186,2003-02-11,8,12,20,21,25,22
185,2003-02-04,7,19,20,25,28,2
184,2003-01-28,2,10,23,30,31,16
183,2003-01-21,3,9,13,25,26,7
182,2003-01-14,2,10,14,23,24,6
181,2003-01-07,1,3,14,16,26,12
180,2002-12-24,17,18,19,21,28,22
179,2002-12-17,1,7,26,30,31,12
178,2002-12-10,3,24,26,28,31,20
177,2002-12-03,7,13,17,21,30,20
176,2002-11-26,12,14,24,26,30,18
175,2002-11-19,8,12,17,19,24,5
174,2002-11-12,1,3,8,21,22,2
173,2002-11-05,11,18,20,22,29,10
172,2002-10-29,1,4,14,21,28,3
171,2002-10-22,2,6,9,12,31,17
170,2002-10-15,2,7,14,20,22,5
169,2002-10-08,8,15,18,25,31,13
168,2002-10-01,2,8,11,16,30,17
167,2002-09-24,11,19,20,25,26,23
166,2002-09-17,8,13,21,24,28,16
165,2002-09-10,9,16,24,25,26,20
164,2002-09-03,7,9,16,26,30,28
163,2002-08-27,1,12,13,16,28,31
162,2002-08-20,6,14,17,23,31,20
161,2002-08-13,2,3,4,17,19,8
160,2002-08-06,4,23,24,30,31,27
159,2002-07-30,7,11,16,23,24,13
158,2002-07-23,3,14,16,20,31,25
157,2002-07-16,1,5,14,18,20,6
156,2002-07-09,2,3,13,19,31,15
155,2002-07-02,9,10,16,21,23,4
154,2002-06-25,2,10,16,19,22,17
153,2002-06-18,2,3,8,23,29,6
152,2002-06-11,1,2,11,22,30,27
151,2002-06-04,4,10,13,14,19,12
150,2002-05-28,2,11,16,24,26,4
149,2002-05-21,5,6,17,27,28,20
148,2002-05-14,2,7,19,26,31,24
147,2002-05-07,5,10,21,27,28,2
146,2002-04-30,1,6,11,12,18,8
145,2002-04-23,13,14,19,24,28,3
144,2002-04-16,4,13,14,19,28,5
143,2002-04-09,17,18,20,23,26,6
142,2002-04-02,10,11,24,25,30,8
141,2002-03-26,4,6,9,20,24,16
140,2002-03-19,8,9,17,20,29,6
139,2002-03-12,14,17,20,26,28,23
138,2002-03-05,1,4,21,30,31,16
137,2002-02-26,3,15,20,25,28,30
136,2002-02-19,5,11,14,18,28,8
135,2002-02-12,4,7,8,9,24,20
134,2002-02-05,4,5,13,16,18,20
133,2002-01-29,4,7,11,18,31,27
132,2002-01-22,7,13,17,19,24,18
131,2002-01-15,1,9,12,18,21,15
130,2002-01-08,3,4,11,17,26,5
129,2001-12-25,2,13,20,25,30,12
128,2001-12-18,3,6,22,24,27,26
127,2001-12-11,8,9,18,29,31,24
126,2001-12-04,7,16,18,22,25,21
125,2001-11-27,2,21,22,27,29,24
124,2001-11-20,5,7,17,19,27,9
123,2001-11-13,1,5,6,13,15,21
122,2001-11-06,1,8,23,27,28,9
121,2001-10-30,5,17,18,24,30,20
120,2001-10-23,8,12,14,18,27,24
119,2001-10-16,12,14,25,29,30,5
118,2001-10-09,2,4,12,20,23,14
117,2001-10-02,5,11,12,23,24,3
116,2001-09-25,2,7,13,18,23,11
115,2001-09-18,10,15,29,30,31,16
114,2001-09-11,3,5,6,7,11,8
113,2001-09-04,1,2,6,16,28,4
112,2001-08-28,5,7,15,26,27,1
111,2001-08-21,10,19,24,27,31,6
110,2001-08-14,3,7,13,22,27,2
109,2001-08-07,3,5,15,19,22,25
108,2001-07-31,6,10,20,27,29,19
107,2001-07-24,4,8,12,26,27,18
106,2001-07-17,3,5,11,12,18,2
105,2001-07-10,6,11,14,21,27,20
104,2001-07-03,3,4,7,21,30,31
103,2001-06-26,10,13,19,21,30,14
102,2001-06-19,5,10,11,25,28,23
101,2001-06-12,2,10,11,13,26,22
100,2001-06-05,11,12,19,20,31,3
99,2001-05-29,3,7,10,13,15,26
98,2001-05-22,1,2,9,11,20,4
97,2001-05-15,6,12,15,19,22,3
96,2001-05-08,1,5,6,14,27,17
95,2001-05-01,4,5,7,8,31,26
94,2001-04-24,16,19,20,26,29,27
93,2001-04-17,11,15,22,26,27,8
92,2001-04-10,2,3,11,22,30,31
91,2001-04-03,8,9,15,18,22,3
90,2001-03-27,6,12,14,21,27,15
89,2001-03-20,5,7,24,27,29,14
88,2001-03-13,4,19,26,27,30,3
87,2001-03-06,1,5,12,23,27,14
86,2001-02-27,2,8,13,20,24,9
85,2001-02-20,9,11,14,20,29,2
84,2001-02-13,1,15,29,30,31,16
83,2001-02-06,1,6,11,23,26,3
82,2001-01-30,1,3,11,27,30,8
81,2001-01-23,1,7,10,16,25,18
80,2001-01-16,7,10,13,18,22,4
79,2001-01-09,2,13,16,26,30,11
78,2000-12-26,4,11,19,20,22,28
77,2000-12-19,2,3,10,22,26,23
76,2000-12-12,6,11,13,16,23,3
75,2000-12-05,7,14,16,17,29,1
74,2000-11-28,4,6,16,22,28,9
73,2000-11-21,4,6,8,26,30,7
72,2000-11-14,8,10,24,28,30,12
71,2000-11-07,11,17,18,22,30,2
70,2000-10-31,1,5,7,17,21,15
69,2000-10-24,5,6,9,23,30,2
68,2000-10-17,5,6,21,22,24,11
67,2000-10-10,4,5,8,14,27,6
66,2000-10-03,5,6,12,17,20,1
65,2000-09-26,8,9,10,17,23,15
64,2000-09-19,5,10,11,12,23,15
63,2000-09-12,3,5,6,22,28,1
62,2000-09-05,5,10,13,17,29,6
61,2000-08-29,9,23,24,29,30,5
60,2000-08-22,16,17,22,23,26,30
59,2000-08-15,9,15,20,21,22,10
58,2000-08-08,1,2,4,10,24,20
57,2000-08-01,3,21,23,27,29,13
56,2000-07-25,1,3,7,10,27,16
55,2000-07-18,4,10,11,18,31,3
54,2000-07-11,4,5,15,18,21,16
53,2000-07-04,4,13,14,15,17,30
52,2000-06-27,4,10,12,26,31,20
51,2000-06-20,5,7,15,16,31,2
50,2000-06-13,4,5,6,8,10,26
49,2000-06-06,10,13,14,23,25,12
48,2000-05-30,2,9,11,13,31,18
47,2000-05-23,2,6,8,17,29,10
46,2000-05-16,2,10,22,23,26,6
45,2000-05-09,7,13,19,24,26,11
44,2000-05-02,5,18,20,25,27,11
43,2000-04-25,3,6,11,16,30,5
42,2000-04-18,2,5,19,24,31,28
41,2000-04-11,10,16,19,22,26,29
40,2000-04-04,4,16,24,25,27,5
39,2000-03-28,1,9,15,26,30,11
38,2000-03-21,11,16,17,19,31,4
37,2000-03-14,6,7,10,16,31,20
36,2000-03-07,4,8,15,16,21,25
35,2000-02-29,10,11,18,24,26,29
34,2000-02-22,4,9,18,28,29,12
33,2000-02-15,2,3,8,9,30,23
32,2000-02-08,2,11,13,16,24,20
31,2000-02-01,14,20,21,24,28,17
30,2000-01-25,10,15,17,18,30,16
29,2000-01-18,9,12,17,26,31,15
28,2000-01-11,2,9,15,22,29,11
27,2000-01-04,10,16,20,21,31,14
26,1999-12-28,7,8,9,14,15,4
25,1999-12-21,2,3,7,18,29,15
24,1999-12-14,12,14,19,26,28,15
23,1999-12-07,2,13,18,22,26,15
22,1999-11-30,4,6,26,28,30,14
21,1999-11-23,3,15,22,25,31,6
20,1999-11-16,14,20,22,25,30,15
19,1999-11-09,2,9,10,22,27,1
18,1999-11-02,1,14,16,23,25,27
17,1999-10-26,10,18,20,25,27,1
16,1999-10-19,2,20,24,26,27,23
15,1999-10-12,6,8,17,23,24,22
14,1999-10-05,2,21,24,26,29,28
13,1999-09-28,6,11,18,25,28,20
12,1999-09-14,5,9,13,16,19,21
11,1999-08-31,17,18,19,20,30,31
10,1999-08-17,8,19,21,23,30,5
9,1999-08-03,2,11,12,13,28,15
8,1999-07-20,22,24,25,28,30,21
7,1999-07-06,3,24,25,26,31,2
6,1999-06-22,2,11,16,24,29,4
5,1999-06-08,8,9,15,21,25,23
4,1999-05-25,11,12,14,20,31,29
3,1999-05-11,1,8,10,24,30,28
2,1999-04-27,2,11,12,21,30,28
1,1999-04-13,1,3,17,20,25,26
